Date,Time,Output
2024-12-06,09:31:14,"{'rule_instance': {'_id': '00000000-0000-0000-0000-000000000000', 'description': 'string', 'isActive': True, 'lastUpdateTime': '00/00/0000 00:00:00', 'params': {'age': '', 'gender': '', 'historyRecord': '', 'organization': '', 'address': ''}, 'ruleInstanceName': 'suspected person - hello', 'severity': '', 'ruleType': 'structured', 'ruleOwner': '', 'ruleTypeId': '361c26cb-b6e7-4035-8b48-1edd57c0c3e5', 'eventDetails': [{'objectName': 'Person', 'objectDescription': None, 'timeWindowInMilliseconds': 0, 'useLatest': False}], 'additionalInformation': {}, 'presetId': '00000000-0000-0000-0000-000000000000'}, 'is_error': False, 'error_message': '', 'free_text': 'hello how are you', 'type_name': 'suspected person', 'rag_score': -2, 'model_response': '```json\n{""ruleInstanceName"": ""suspected person - hello""}\n``` \n', 'schema': {'age': 'Int', 'gender': 'String', 'historyRecord': 'Int', 'organization': 'String', 'address': 'String', 'ruleInstanceName': 'string', 'severity': 'int'}, 'time': '2024-12-06|09:31:14', 'inference_time': 8.056687831878662}"
2024-12-06,09:32:14,"{'rule_instance': {'_id': '00000000-0000-0000-0000-000000000000', 'description': 'string', 'isActive': True, 'lastUpdateTime': '00/00/0000 00:00:00', 'params': {'age': '', 'gender': '', 'historyRecord': '', 'organization': '', 'address': ''}, 'ruleInstanceName': 'suspected person - null', 'severity': '', 'ruleType': 'structured', 'ruleOwner': '', 'ruleTypeId': '361c26cb-b6e7-4035-8b48-1edd57c0c3e5', 'eventDetails': [{'objectName': 'Person', 'objectDescription': None, 'timeWindowInMilliseconds': 0, 'useLatest': False}], 'additionalInformation': {}, 'presetId': '00000000-0000-0000-0000-000000000000'}, 'is_error': False, 'error_message': '', 'free_text': 'dasflkhlsjakhlfkajhlksadjhfasdlkfjasd', 'type_name': 'suspected person', 'rag_score': -2, 'model_response': '```json\n{""ruleInstanceName"": ""suspected person - null""}\n``` \n', 'schema': {'age': 'Int', 'gender': 'String', 'historyRecord': 'Int', 'organization': 'String', 'address': 'String', 'ruleInstanceName': 'string', 'severity': 'int'}, 'time': '2024-12-06|09:32:14', 'inference_time': 5.5362958908081055}"
2024-12-06,08:03:40,"{'rule_instance': None, 'is_error': True, 'error_message': 'Processing failed: IndexError, single positional indexer is out-of-bounds', 'free_text': 'system failure severity -4 altitude 300', 'type_name': None, 'rag_score': None, 'model_response': None, 'schema': None, 'time': '2024-12-06|08:03:40', 'inference_time': 1.5930540561676025}"
2024-12-06,08:04:35,"{'rule_instance': None, 'is_error': True, 'error_message': 'Processing failed: IndexError, single positional indexer is out-of-bounds', 'free_text': '""system failure severity -4 altitude 300""', 'type_name': None, 'rag_score': None, 'model_response': None, 'schema': None, 'time': '2024-12-06|08:04:35', 'inference_time': 0.2584381103515625}"
2024-12-06,08:04:44,"{'rule_instance': None, 'is_error': True, 'error_message': 'Processing failed: IndexError, single positional indexer is out-of-bounds', 'free_text': 'system failure', 'type_name': None, 'rag_score': None, 'model_response': None, 'schema': None, 'time': '2024-12-06|08:04:44', 'inference_time': 0.16197490692138672}"
2024-12-06,08:09:10,"{'rule_instance': {'_id': '00000000-0000-0000-0000-000000000000', 'description': 'string', 'isActive': True, 'lastUpdateTime': '00/00/0000 00:00:00', 'params': {'speed': '', 'type': 'null', 'weight': 1, 'fuel': '', 'altitute': '', 'wheels': '', 'engine': ''}, 'ruleInstanceName': 'system failure - ?', 'severity': 1, 'ruleType': 'structured', 'ruleOwner': '', 'ruleTypeId': 'fb8e8ef1-e382-43b5-b896-70d254878751', 'eventDetails': [{'objectName': 'Airplan', 'objectDescription': None, 'timeWindowInMilliseconds': 0, 'useLatest': False}], 'additionalInformation': {}, 'presetId': '00000000-0000-0000-0000-000000000000'}, 'is_error': False, 'error_message': '', 'free_text': 'system failure severity 1', 'type_name': 'system failure', 'rag_score': np.float64(0.6289247994487102), 'model_response': '```json\n    {""type"": ""string"", ""weight"": 1, ""severity"": 1, ""ruleInstanceName"": ""system failure - ?""}', 'schema': {'speed': 'Int', 'type': 'String', 'weight': 'Int', 'fuel': 'Int', 'altitute': 'Int', 'wheels': 'Int', 'engine': 'Int', 'ruleInstanceName': 'string', 'severity': 'int'}, 'time': '2024-12-06|08:09:10', 'inference_time': 17.98732018470764}"
2024-12-06,08:12:18,"{'rule_instance': {'_id': '00000000-0000-0000-0000-000000000000', 'description': 'string', 'isActive': True, 'lastUpdateTime': '00/00/0000 00:00:00', 'params': {'threatID': 'null', 'defectorProfile': 'intelligence operative', 'defectionReason': 'personal gain', 'threatLevel': 'High', 'potentialAlly': 'null'}, 'ruleInstanceName': 'defection threat - Critical Situation', 'severity': 5, 'ruleType': 'structured', 'ruleOwner': '', 'ruleTypeId': 'c8dcb74b-59ed-44b5-854d-d10b5f3b2c85', 'eventDetails': [{'objectName': 'Threat', 'objectDescription': None, 'timeWindowInMilliseconds': 0, 'useLatest': False}], 'additionalInformation': {}, 'presetId': '00000000-0000-0000-0000-000000000000'}, 'is_error': False, 'error_message': '', 'free_text': ""Hold on, you're telling me that there's a defection threat? And it's a critical situation? That's serious! How did we come to this? And the severity—only a three? And the profile—some intelligence operative? That doesn't make sense! A three for severity is too low, but how is that just a three for the defection of an intelligence operative? I can't comprehend this! This is a critical defection situation! How is that just a three, I mean, seriously, how can they rate something this dire as a three? I’m completely shocked by this. The levels don't line up. How is an intelligence operative defecting for personal gain considered just a level three? This sounds like it should be at least a level five. ‘Defection Threat Critical Situation’? That name is way too mild. This is a crisis, not some minor threat. Why are they downplaying it so much? I’m here trying to understand what’s going on."", 'type_name': 'defection threat', 'rag_score': np.float64(0.5902047565881029), 'model_response': '{\n        ""threatID"": ""null"",\n        ""defectorProfile"": ""intelligence operative"",\n        ""defectionReason"": ""personal gain"",\n        ""threatLevel"": ""High"",\n        ""potentialAlly"": ""null"",\n        ""ruleInstanceName"": ""defection threat - Critical Situation"",\n        ""severity"": 5\n    }', 'schema': {'threatID': 'String', 'defectorProfile': 'String', 'defectionReason': 'String', 'threatLevel': 'String', 'potentialAlly': 'String', 'ruleInstanceName': 'string', 'severity': 'int'}, 'time': '2024-12-06|08:12:18', 'inference_time': 25.236679315567017}"
2024-12-06,08:15:46,"{'rule_instance': {'_id': '00000000-0000-0000-0000-000000000000', 'description': 'string', 'isActive': True, 'lastUpdateTime': '00/00/0000 00:00:00', 'params': {'threatID': 'null', 'defectorProfile': 'intelligence operative', 'defectionReason': 'personal gain', 'threatLevel': 'High', 'potentialAlly': 'null'}, 'ruleInstanceName': 'defection threat - Threat', 'severity': 5, 'ruleType': 'structured', 'ruleOwner': '', 'ruleTypeId': 'c8dcb74b-59ed-44b5-854d-d10b5f3b2c85', 'eventDetails': [{'objectName': 'Threat', 'objectDescription': None, 'timeWindowInMilliseconds': 0, 'useLatest': False}], 'additionalInformation': {}, 'presetId': '00000000-0000-0000-0000-000000000000'}, 'is_error': False, 'error_message': '', 'free_text': '""Hold on, you\'re telling me that there\'s a defection threat? And it\'s a critical situation? That\'s serious! How did we come to this? And the severity—only a three? And the profile—some intelligence operative? That doesn\'t make sense! A three for severity is too low, but how is that just a three for the defection of an intelligence operative? I can\'t comprehend this! This is a critical defection situation! How is that just a three, I mean, seriously, how can they rate something this dire as a three? I’m completely shocked by this. The levels don\'t line up. How is an intelligence operative defecting for personal gain considered just a level three? This sounds like it should be at least a level five. ‘Defection Threat Critical Situation’? That name is way too mild. This is a crisis, not some minor threat. Why are they downplaying it so much? I’m here trying to understand what’s going on.', 'type_name': 'defection threat', 'rag_score': np.float64(0.5942009524886642), 'model_response': '{\n        ""threatID"": ""null"",\n        ""defectorProfile"": ""intelligence operative"",\n        ""defectionReason"": ""personal gain"",\n        ""threatLevel"": ""High"",\n        ""potentialAlly"": ""null"",\n        ""ruleInstanceName"": ""defection threat - Threat"",\n        ""severity"": 5\n    }', 'schema': {'threatID': 'String', 'defectorProfile': 'String', 'defectionReason': 'String', 'threatLevel': 'String', 'potentialAlly': 'String', 'ruleInstanceName': 'string', 'severity': 'int'}, 'time': '2024-12-06|08:15:46', 'inference_time': 24.536794662475586}"
2024-12-06,08:35:09,"{'feedback': 'baldsfkhj', 'time': datetime.datetime(2024, 12, 6, 8, 35, 9, 319607)}"
2024-12-06,08:36:12,"{'rule_instance': None, 'is_error': True, 'error_message': ""error! can't extract json from model response"", 'free_text': 'hello hello', 'type_name': 'suspected person', 'rag_score': -2, 'model_response': ""{'age': 'null', 'gender': 'null', 'historyRecord': 'null', 'organization': 'null', 'address': 'null', 'ruleInstanceName': 'suspected person - hello', 'severity': 'null'}"", 'schema': {'age': 'Int', 'gender': 'String', 'historyRecord': 'Int', 'organization': 'String', 'address': 'String', 'ruleInstanceName': 'string', 'severity': 'int'}, 'time': '2024-12-06|08:36:12', 'inference_time': 29.082056760787964}"
2024-12-06,08:42:15,"{'rule_instance': {'_id': '00000000-0000-0000-0000-000000000000', 'description': 'string', 'isActive': True, 'lastUpdateTime': '00/00/0000 00:00:00', 'params': {'speed': 'null', 'type': 'system failure', 'weight': 'null', 'fuel': 'null', 'altitute': 'null', 'wheels': 'null', 'engine': 'null'}, 'ruleInstanceName': 'system failure - other', 'severity': -4, 'ruleType': 'structured', 'ruleOwner': '', 'ruleTypeId': 'fb8e8ef1-e382-43b5-b896-70d254878751', 'eventDetails': [{'objectName': 'Airplan', 'objectDescription': None, 'timeWindowInMilliseconds': 0, 'useLatest': False}], 'additionalInformation': {}, 'presetId': '00000000-0000-0000-0000-000000000000'}, 'is_error': False, 'error_message': '', 'free_text': 'system failure other, severity -4', 'type_name': 'system failure', 'rag_score': np.float64(0.6150724561528271), 'model_response': '```json\n    {""speed"": null, ""type"": ""system failure"", ""weight"": null, ""fuel"": null, ""altitute"": null, ""wheels"": null, ""engine"": null, ""ruleInstanceName"": ""system failure - other"", ""severity"": -4}', 'schema': {'speed': 'Int', 'type': 'String', 'weight': 'Int', 'fuel': 'Int', 'altitute': 'Int', 'wheels': 'Int', 'engine': 'Int', 'ruleInstanceName': 'string', 'severity': 'int'}, 'time': '2024-12-06|08:42:15', 'inference_time': 18.620307683944702}"
2024-12-06,09:06:07,"{'succeeded': True, 'file upload': '/Users/yuda/Desktop/RIG_v1/evaluation/data/rule_types/equipment_malfunction.json'}"
2024-12-06,09:06:08,"{'succeeded': True, 'file upload': '/Users/yuda/Desktop/RIG_v1/evaluation/data/rule_types/attack_overview.json'}"
2024-12-06,09:06:08,"{'succeeded': True, 'file upload': '/Users/yuda/Desktop/RIG_v1/evaluation/data/rule_types/api_rate_limit_reached.json'}"
2024-12-06,09:06:08,"{'succeeded': True, 'file upload': '/Users/yuda/Desktop/RIG_v1/evaluation/data/rule_types/fire_control.json'}"
2024-12-06,09:06:09,"{'succeeded': True, 'file upload': '/Users/yuda/Desktop/RIG_v1/evaluation/data/rule_types/betrayal_risk.json'}"
2024-12-06,09:06:09,"{'succeeded': True, 'file upload': '/Users/yuda/Desktop/RIG_v1/evaluation/data/rule_types/temperature_threshold_exceeded.json'}"
2024-12-06,09:06:09,"{'succeeded': True, 'file upload': '/Users/yuda/Desktop/RIG_v1/evaluation/data/rule_types/disk_space_warning.json'}"
2024-12-06,09:06:10,"{'succeeded': True, 'file upload': '/Users/yuda/Desktop/RIG_v1/evaluation/data/rule_types/radar_error_monitoring.json'}"
2024-12-06,09:06:10,"{'succeeded': True, 'file upload': '/Users/yuda/Desktop/RIG_v1/evaluation/data/rule_types/encryption_flaw.json'}"
2024-12-06,09:06:10,"{'succeeded': True, 'file upload': '/Users/yuda/Desktop/RIG_v1/evaluation/data/rule_types/satellite_disruption.json'}"
2024-12-06,09:06:11,"{'succeeded': True, 'file upload': '/Users/yuda/Desktop/RIG_v1/evaluation/data/rule_types/missile_failure.json'}"
2024-12-06,09:06:11,"{'succeeded': True, 'file upload': '/Users/yuda/Desktop/RIG_v1/evaluation/data/rule_types/defection_threat.json'}"
2024-12-06,09:06:12,"{'succeeded': True, 'file upload': '/Users/yuda/Desktop/RIG_v1/evaluation/data/rule_types/system_failure.json'}"
2024-12-06,09:06:12,"{'succeeded': True, 'file upload': '/Users/yuda/Desktop/RIG_v1/evaluation/data/rule_types/disloyal_soldier.json'}"
2024-12-06,09:06:12,"{'succeeded': True, 'file upload': '/Users/yuda/Desktop/RIG_v1/evaluation/data/rule_types/platoon_report.json'}"
2024-12-06,09:06:13,"{'succeeded': True, 'file upload': '/Users/yuda/Desktop/RIG_v1/evaluation/data/rule_types/corruption_scandal.json'}"
2024-12-06,09:06:13,"{'succeeded': True, 'file upload': '/Users/yuda/Desktop/RIG_v1/evaluation/data/rule_types/suspected_person.json'}"
2024-12-06,09:06:13,"{'succeeded': True, 'file upload': '/Users/yuda/Desktop/RIG_v1/evaluation/data/rule_types/password_expiry.json'}"
2024-12-06,09:06:14,"{'succeeded': True, 'file upload': '/Users/yuda/Desktop/RIG_v1/evaluation/data/rule_types/bomb_failure.json'}"
2024-12-06,09:06:14,"{'succeeded': True, 'file upload': '/Users/yuda/Desktop/RIG_v1/evaluation/data/rule_types/covert_agent.json'}"
2024-12-06,09:06:14,"{'succeeded': True, 'file upload': '/Users/yuda/Desktop/RIG_v1/evaluation/data/rule_types/supply_shortage.json'}"
2024-12-06,09:06:15,"{'succeeded': True, 'file upload': '/Users/yuda/Desktop/RIG_v1/evaluation/data/rule_types/leadership_breakdown.json'}"
2024-12-06,09:06:15,"{'succeeded': True, 'file upload': '/Users/yuda/Desktop/RIG_v1/evaluation/data/rule_types/memory_usage_high.json'}"
2024-12-06,09:06:15,"{'succeeded': True, 'file upload': '/Users/yuda/Desktop/RIG_v1/evaluation/data/rule_types/command_incompetence.json'}"
2024-12-06,09:06:16,"{'succeeded': True, 'file upload': '/Users/yuda/Desktop/RIG_v1/evaluation/data/rule_types/missile_malfunction.json'}"
2024-12-06,09:06:16,"{'succeeded': True, 'file upload': '/Users/yuda/Desktop/RIG_v1/evaluation/data/rule_types/launch_failure.json'}"
2024-12-06,09:07:25,"{'rule_instance': None, 'is_error': True, 'error_message': ""Processing failed: AttributeError, 'NoneType' object has no attribute 'predict'"", 'free_text': 'system failure - other altitute 3 severity 3', 'type_name': None, 'rag_score': None, 'model_response': None, 'schema': None, 'time': '2024-12-06|09:07:25', 'inference_time': 0.18267011642456055}"
2024-12-06,09:07:56,"{'rule_instance': None, 'is_error': True, 'error_message': ""Processing failed: AttributeError, 'NoneType' object has no attribute 'predict'"", 'free_text': 'system failure - other altitute 3 severity 3', 'type_name': None, 'rag_score': None, 'model_response': None, 'schema': None, 'time': '2024-12-06|09:07:56', 'inference_time': 0.18854832649230957}"
2024-12-06,09:08:16,"{'rule_instance': None, 'is_error': True, 'error_message': ""Processing failed: AttributeError, 'NoneType' object has no attribute 'predict'"", 'free_text': 'system failure - other altitute 3 severity 3', 'type_name': None, 'rag_score': None, 'model_response': None, 'schema': None, 'time': '2024-12-06|09:08:16', 'inference_time': 0.18835949897766113}"
2024-12-06,09:08:18,"{'rule_instance': None, 'is_error': True, 'error_message': ""Processing failed: AttributeError, 'NoneType' object has no attribute 'predict'"", 'free_text': 'system failure - other altitute 3 severity 3', 'type_name': None, 'rag_score': None, 'model_response': None, 'schema': None, 'time': '2024-12-06|09:08:18', 'inference_time': 0.19497346878051758}"
2024-12-06,09:08:21,"{'rule_instance': None, 'is_error': True, 'error_message': ""Processing failed: AttributeError, 'NoneType' object has no attribute 'predict'"", 'free_text': 'system failure - other altitute 3 severity 3', 'type_name': None, 'rag_score': None, 'model_response': None, 'schema': None, 'time': '2024-12-06|09:08:21', 'inference_time': 0.18909835815429688}"
2024-12-06,09:08:22,"{'rule_instance': None, 'is_error': True, 'error_message': ""Processing failed: AttributeError, 'NoneType' object has no attribute 'predict'"", 'free_text': 'system failure - other altitute 3 severity 3', 'type_name': None, 'rag_score': None, 'model_response': None, 'schema': None, 'time': '2024-12-06|09:08:22', 'inference_time': 0.19784283638000488}"
2024-12-06,09:08:54,"{'rule_instance': None, 'is_error': True, 'error_message': ""Processing failed: AttributeError, 'NoneType' object has no attribute 'predict'"", 'free_text': 'system failure - other altitute 3 severity 3', 'type_name': None, 'rag_score': None, 'model_response': None, 'schema': None, 'time': '2024-12-06|09:08:54', 'inference_time': 0.19170808792114258}"
2024-12-06,09:09:10,"{'rule_instance': None, 'is_error': True, 'error_message': ""Processing failed: AttributeError, 'NoneType' object has no attribute 'predict'"", 'free_text': 'system failure - other altitute 3 severity 3', 'type_name': None, 'rag_score': None, 'model_response': None, 'schema': None, 'time': '2024-12-06|09:09:10', 'inference_time': 0.17993998527526855}"
2024-12-06,09:09:11,"{'rule_instance': None, 'is_error': True, 'error_message': ""Processing failed: AttributeError, 'NoneType' object has no attribute 'predict'"", 'free_text': 'system failure - other altitute 3 severity 3', 'type_name': None, 'rag_score': None, 'model_response': None, 'schema': None, 'time': '2024-12-06|09:09:11', 'inference_time': 0.2003917694091797}"
2024-12-06,09:09:12,"{'rule_instance': None, 'is_error': True, 'error_message': ""Processing failed: AttributeError, 'NoneType' object has no attribute 'predict'"", 'free_text': 'system failure - other altitute 3 severity 3', 'type_name': None, 'rag_score': None, 'model_response': None, 'schema': None, 'time': '2024-12-06|09:09:12', 'inference_time': 0.19177031517028809}"
2024-12-06,09:09:13,"{'rule_instance': None, 'is_error': True, 'error_message': ""Processing failed: AttributeError, 'NoneType' object has no attribute 'predict'"", 'free_text': 'system failure - other altitute 3 severity 3', 'type_name': None, 'rag_score': None, 'model_response': None, 'schema': None, 'time': '2024-12-06|09:09:13', 'inference_time': 0.22228693962097168}"
2024-12-06,09:11:05,"{'succeeded': True, 'file upload': '/Users/yuda/Desktop/RIG_v1/evaluation/data/rule_types/equipment_malfunction.json'}"
2024-12-06,09:11:06,"{'succeeded': True, 'file upload': '/Users/yuda/Desktop/RIG_v1/evaluation/data/rule_types/attack_overview.json'}"
2024-12-06,09:11:06,"{'succeeded': True, 'file upload': '/Users/yuda/Desktop/RIG_v1/evaluation/data/rule_types/api_rate_limit_reached.json'}"
2024-12-06,09:11:06,"{'succeeded': True, 'file upload': '/Users/yuda/Desktop/RIG_v1/evaluation/data/rule_types/fire_control.json'}"
2024-12-06,09:11:07,"{'succeeded': True, 'file upload': '/Users/yuda/Desktop/RIG_v1/evaluation/data/rule_types/betrayal_risk.json'}"
2024-12-06,09:11:07,"{'succeeded': True, 'file upload': '/Users/yuda/Desktop/RIG_v1/evaluation/data/rule_types/temperature_threshold_exceeded.json'}"
2024-12-06,09:11:07,"{'succeeded': True, 'file upload': '/Users/yuda/Desktop/RIG_v1/evaluation/data/rule_types/disk_space_warning.json'}"
2024-12-06,09:11:08,"{'succeeded': True, 'file upload': '/Users/yuda/Desktop/RIG_v1/evaluation/data/rule_types/radar_error_monitoring.json'}"
2024-12-06,09:11:08,"{'succeeded': True, 'file upload': '/Users/yuda/Desktop/RIG_v1/evaluation/data/rule_types/encryption_flaw.json'}"
2024-12-06,09:11:08,"{'succeeded': True, 'file upload': '/Users/yuda/Desktop/RIG_v1/evaluation/data/rule_types/satellite_disruption.json'}"
2024-12-06,09:11:09,"{'succeeded': True, 'file upload': '/Users/yuda/Desktop/RIG_v1/evaluation/data/rule_types/missile_failure.json'}"
2024-12-06,09:11:09,"{'succeeded': True, 'file upload': '/Users/yuda/Desktop/RIG_v1/evaluation/data/rule_types/defection_threat.json'}"
2024-12-06,09:11:09,"{'succeeded': True, 'file upload': '/Users/yuda/Desktop/RIG_v1/evaluation/data/rule_types/system_failure.json'}"
2024-12-06,09:11:10,"{'succeeded': True, 'file upload': '/Users/yuda/Desktop/RIG_v1/evaluation/data/rule_types/disloyal_soldier.json'}"
2024-12-06,09:11:10,"{'succeeded': True, 'file upload': '/Users/yuda/Desktop/RIG_v1/evaluation/data/rule_types/platoon_report.json'}"
2024-12-06,09:11:11,"{'succeeded': True, 'file upload': '/Users/yuda/Desktop/RIG_v1/evaluation/data/rule_types/corruption_scandal.json'}"
2024-12-06,09:11:11,"{'succeeded': True, 'file upload': '/Users/yuda/Desktop/RIG_v1/evaluation/data/rule_types/suspected_person.json'}"
2024-12-06,09:11:11,"{'succeeded': True, 'file upload': '/Users/yuda/Desktop/RIG_v1/evaluation/data/rule_types/password_expiry.json'}"
2024-12-06,09:11:12,"{'succeeded': True, 'file upload': '/Users/yuda/Desktop/RIG_v1/evaluation/data/rule_types/bomb_failure.json'}"
2024-12-06,09:11:12,"{'succeeded': True, 'file upload': '/Users/yuda/Desktop/RIG_v1/evaluation/data/rule_types/covert_agent.json'}"
2024-12-06,09:11:13,"{'succeeded': True, 'file upload': '/Users/yuda/Desktop/RIG_v1/evaluation/data/rule_types/supply_shortage.json'}"
2024-12-06,09:11:13,"{'succeeded': True, 'file upload': '/Users/yuda/Desktop/RIG_v1/evaluation/data/rule_types/leadership_breakdown.json'}"
2024-12-06,09:11:13,"{'succeeded': True, 'file upload': '/Users/yuda/Desktop/RIG_v1/evaluation/data/rule_types/memory_usage_high.json'}"
2024-12-06,09:11:14,"{'succeeded': True, 'file upload': '/Users/yuda/Desktop/RIG_v1/evaluation/data/rule_types/command_incompetence.json'}"
2024-12-06,09:11:14,"{'succeeded': True, 'file upload': '/Users/yuda/Desktop/RIG_v1/evaluation/data/rule_types/missile_malfunction.json'}"
2024-12-06,09:11:14,"{'succeeded': True, 'file upload': '/Users/yuda/Desktop/RIG_v1/evaluation/data/rule_types/launch_failure.json'}"
2024-12-06,09:11:53,"{'rule_instance': None, 'is_error': True, 'error_message': ""Processing failed: AttributeError, 'NoneType' object has no attribute 'predict'"", 'free_text': 'system failure altitute 300 severity -73', 'type_name': None, 'rag_score': None, 'model_response': None, 'schema': None, 'time': '2024-12-06|09:11:53', 'inference_time': 0.17988920211791992}"
2024-12-06,09:12:27,"{'rule_instance': {'_id': '00000000-0000-0000-0000-000000000000', 'description': 'string', 'isActive': True, 'lastUpdateTime': '00/00/0000 00:00:00', 'params': {'speed': 'null', 'type': 'null', 'weight': 'null', 'fuel': 'null', 'altitute': 300, 'wheels': 'null', 'engine': 'null'}, 'ruleInstanceName': 'system failure - altitute', 'severity': -73, 'ruleType': 'structured', 'ruleOwner': '', 'ruleTypeId': 'fb8e8ef1-e382-43b5-b896-70d254878751', 'eventDetails': [{'objectName': 'Airplan', 'objectDescription': None, 'timeWindowInMilliseconds': 0, 'useLatest': False}], 'additionalInformation': {}, 'presetId': '00000000-0000-0000-0000-000000000000'}, 'is_error': False, 'error_message': '', 'free_text': 'system failure altitute 300 severity -73', 'type_name': 'system failure', 'rag_score': np.float32(0.63517237), 'model_response': '{\n        ""speed"": ""null"",\n        ""type"": ""null"",\n        ""weight"": ""null"",\n        ""fuel"": ""null"",\n        ""altitute"": 300,\n        ""wheels"": ""null"",\n        ""engine"": ""null"",\n        ""ruleInstanceName"": ""system failure - altitute"",\n        ""severity"": -73\n    }', 'schema': {'speed': 'Int', 'type': 'String', 'weight': 'Int', 'fuel': 'Int', 'altitute': 'Int', 'wheels': 'Int', 'engine': 'Int', 'ruleInstanceName': 'string', 'severity': 'int'}, 'time': '2024-12-06|09:12:27', 'inference_time': 19.304177284240723}"
2024-12-06,09:13:09,"{'rule_instance': None, 'is_error': True, 'error_message': ""error! can't extract json from model response"", 'free_text': 'system failure altitute 300 severity -73', 'type_name': 'system failure', 'rag_score': np.float32(0.63517237), 'model_response': '{\'speed\': null, \'type\': \'null\', \'weight\': null, \'fuel\': null, \'altitute\': 300, \'wheels\': null, \'engine\': null, \'ruleInstanceName\': ""system failure - system failure"", \'severity\': -73}', 'schema': {'speed': 'Int', 'type': 'String', 'weight': 'Int', 'fuel': 'Int', 'altitute': 'Int', 'wheels': 'Int', 'engine': 'Int', 'ruleInstanceName': 'string', 'severity': 'int'}, 'time': '2024-12-06|09:13:09', 'inference_time': 2.7940521240234375}"
2024-12-06,09:13:22,"{'rule_instance': {'_id': '00000000-0000-0000-0000-000000000000', 'description': 'string', 'isActive': True, 'lastUpdateTime': '00/00/0000 00:00:00', 'params': {'speed': 'null', 'type': 'null', 'weight': 'null', 'fuel': 'null', 'altitute': 300, 'wheels': 'null', 'engine': 'null'}, 'ruleInstanceName': 'system failure - system failure', 'severity': -7, 'ruleType': 'structured', 'ruleOwner': '', 'ruleTypeId': 'fb8e8ef1-e382-43b5-b896-70d254878751', 'eventDetails': [{'objectName': 'Airplan', 'objectDescription': None, 'timeWindowInMilliseconds': 0, 'useLatest': False}], 'additionalInformation': {}, 'presetId': '00000000-0000-0000-0000-000000000000'}, 'is_error': False, 'error_message': '', 'free_text': 'system failure altitute 300 severity -7', 'type_name': 'system failure', 'rag_score': np.float32(0.64433616), 'model_response': '{""speed"": null, ""type"": ""null"", ""weight"": null, ""fuel"": null, ""altitute"": 300, ""wheels"": null, ""engine"": null, ""ruleInstanceName"": ""system failure - system failure"", ""severity"": -7}', 'schema': {'speed': 'Int', 'type': 'String', 'weight': 'Int', 'fuel': 'Int', 'altitute': 'Int', 'wheels': 'Int', 'engine': 'Int', 'ruleInstanceName': 'string', 'severity': 'int'}, 'time': '2024-12-06|09:13:22', 'inference_time': 8.466535091400146}"
2024-12-06,09:14:57,"{'rule_instance': {'_id': '00000000-0000-0000-0000-000000000000', 'description': 'string', 'isActive': True, 'lastUpdateTime': '00/00/0000 00:00:00', 'params': {'speed': 'null', 'type': 'null', 'weight': 'null', 'fuel': 'null', 'altitute': 300, 'wheels': 'null', 'engine': 'null'}, 'ruleInstanceName': 'system failure - altitute', 'severity': -7, 'ruleType': 'structured', 'ruleOwner': '', 'ruleTypeId': 'fb8e8ef1-e382-43b5-b896-70d254878751', 'eventDetails': [{'objectName': 'Airplan', 'objectDescription': None, 'timeWindowInMilliseconds': 0, 'useLatest': False}], 'additionalInformation': {}, 'presetId': '00000000-0000-0000-0000-000000000000'}, 'is_error': False, 'error_message': '', 'free_text': 'system failure altitute 300 severity -7', 'type_name': 'system failure', 'rag_score': np.float32(0.64433616), 'model_response': '{\n        ""speed"": ""null"",\n        ""type"": ""null"",\n        ""weight"": ""null"",\n        ""fuel"": ""null"",\n        ""altitute"": 300,\n        ""wheels"": ""null"",\n        ""engine"": ""null"",\n        ""ruleInstanceName"": ""system failure - altitute"",\n        ""severity"": -7\n    }', 'schema': {'speed': 'Int', 'type': 'String', 'weight': 'Int', 'fuel': 'Int', 'altitute': 'Int', 'wheels': 'Int', 'engine': 'Int', 'ruleInstanceName': 'string', 'severity': 'int'}, 'time': '2024-12-06|09:14:57', 'inference_time': 18.8573055267334}"
2024-12-06,09:32:04,"{'succeeded': True, 'file upload': '/Users/yuda/Desktop/RIG_v1/evaluation/data/rule_types/equipment_malfunction.json'}"
2024-12-06,09:32:04,"{'succeeded': True, 'file upload': '/Users/yuda/Desktop/RIG_v1/evaluation/data/rule_types/attack_overview.json'}"
2024-12-06,09:32:04,"{'succeeded': True, 'file upload': '/Users/yuda/Desktop/RIG_v1/evaluation/data/rule_types/api_rate_limit_reached.json'}"
2024-12-06,09:32:05,"{'succeeded': True, 'file upload': '/Users/yuda/Desktop/RIG_v1/evaluation/data/rule_types/fire_control.json'}"
2024-12-06,09:32:05,"{'succeeded': True, 'file upload': '/Users/yuda/Desktop/RIG_v1/evaluation/data/rule_types/betrayal_risk.json'}"
2024-12-06,09:32:05,"{'succeeded': True, 'file upload': '/Users/yuda/Desktop/RIG_v1/evaluation/data/rule_types/temperature_threshold_exceeded.json'}"
2024-12-06,09:32:06,"{'succeeded': True, 'file upload': '/Users/yuda/Desktop/RIG_v1/evaluation/data/rule_types/disk_space_warning.json'}"
2024-12-06,09:32:06,"{'succeeded': True, 'file upload': '/Users/yuda/Desktop/RIG_v1/evaluation/data/rule_types/radar_error_monitoring.json'}"
2024-12-06,09:32:07,"{'succeeded': True, 'file upload': '/Users/yuda/Desktop/RIG_v1/evaluation/data/rule_types/encryption_flaw.json'}"
2024-12-06,09:32:07,"{'succeeded': True, 'file upload': '/Users/yuda/Desktop/RIG_v1/evaluation/data/rule_types/satellite_disruption.json'}"
2024-12-06,09:32:07,"{'succeeded': True, 'file upload': '/Users/yuda/Desktop/RIG_v1/evaluation/data/rule_types/missile_failure.json'}"
2024-12-06,09:32:08,"{'succeeded': True, 'file upload': '/Users/yuda/Desktop/RIG_v1/evaluation/data/rule_types/defection_threat.json'}"
2024-12-06,09:32:08,"{'succeeded': True, 'file upload': '/Users/yuda/Desktop/RIG_v1/evaluation/data/rule_types/system_failure.json'}"
2024-12-06,09:32:09,"{'succeeded': True, 'file upload': '/Users/yuda/Desktop/RIG_v1/evaluation/data/rule_types/disloyal_soldier.json'}"
2024-12-06,09:32:09,"{'succeeded': True, 'file upload': '/Users/yuda/Desktop/RIG_v1/evaluation/data/rule_types/platoon_report.json'}"
2024-12-06,09:32:09,"{'succeeded': True, 'file upload': '/Users/yuda/Desktop/RIG_v1/evaluation/data/rule_types/corruption_scandal.json'}"
2024-12-06,09:32:10,"{'succeeded': True, 'file upload': '/Users/yuda/Desktop/RIG_v1/evaluation/data/rule_types/suspected_person.json'}"
2024-12-06,09:32:10,"{'succeeded': True, 'file upload': '/Users/yuda/Desktop/RIG_v1/evaluation/data/rule_types/password_expiry.json'}"
2024-12-06,09:32:10,"{'succeeded': True, 'file upload': '/Users/yuda/Desktop/RIG_v1/evaluation/data/rule_types/bomb_failure.json'}"
2024-12-06,09:32:11,"{'succeeded': True, 'file upload': '/Users/yuda/Desktop/RIG_v1/evaluation/data/rule_types/covert_agent.json'}"
2024-12-06,09:32:11,"{'succeeded': True, 'file upload': '/Users/yuda/Desktop/RIG_v1/evaluation/data/rule_types/supply_shortage.json'}"
2024-12-06,09:32:12,"{'succeeded': True, 'file upload': '/Users/yuda/Desktop/RIG_v1/evaluation/data/rule_types/leadership_breakdown.json'}"
2024-12-06,09:32:12,"{'succeeded': True, 'file upload': '/Users/yuda/Desktop/RIG_v1/evaluation/data/rule_types/memory_usage_high.json'}"
2024-12-06,09:32:12,"{'succeeded': True, 'file upload': '/Users/yuda/Desktop/RIG_v1/evaluation/data/rule_types/command_incompetence.json'}"
2024-12-06,09:32:13,"{'succeeded': True, 'file upload': '/Users/yuda/Desktop/RIG_v1/evaluation/data/rule_types/missile_malfunction.json'}"
2024-12-06,09:32:13,"{'succeeded': True, 'file upload': '/Users/yuda/Desktop/RIG_v1/evaluation/data/rule_types/launch_failure.json'}"
2024-12-06,09:33:02,"{'rule_instance': {'_id': '00000000-0000-0000-0000-000000000000', 'description': 'string', 'isActive': True, 'lastUpdateTime': '00/00/0000 00:00:00', 'params': {'speed': 'null', 'type': 'null', 'weight': 'null', 'fuel': 'null', 'altitute': 'null', 'wheels': 'null', 'engine': 'null'}, 'ruleInstanceName': 'system failure - system failure', 'severity': 'null', 'ruleType': 'structured', 'ruleOwner': '', 'ruleTypeId': 'fb8e8ef1-e382-43b5-b896-70d254878751', 'eventDetails': [{'objectName': 'Airplan', 'objectDescription': None, 'timeWindowInMilliseconds': 0, 'useLatest': False}], 'additionalInformation': {}, 'presetId': '00000000-0000-0000-0000-000000000000'}, 'is_error': False, 'error_message': '', 'free_text': 'system failure', 'type_name': 'system failure', 'rag_score': np.float32(0.6955973), 'model_response': '{\n        ""speed"": ""null"",\n        ""type"": ""null"",\n        ""weight"": ""null"",\n        ""fuel"": ""null"",\n        ""altitute"": ""null"",\n        ""wheels"": ""null"",\n        ""engine"": ""null"",\n        ""ruleInstanceName"": ""system failure - system failure"",\n        ""severity"": ""null""\n    }', 'schema': {'speed': 'Int', 'type': 'String', 'weight': 'Int', 'fuel': 'Int', 'altitute': 'Int', 'wheels': 'Int', 'engine': 'Int', 'ruleInstanceName': 'string', 'severity': 'int'}, 'time': '2024-12-06|09:33:02', 'inference_time': 18.9238383769989}"
2024-12-06,09:43:10,"{'succeeded': True, 'file upload': '/Users/yuda/Desktop/RIG_v1/evaluation/data/rule_types/equipment_malfunction.json'}"
2024-12-06,09:43:10,"{'succeeded': True, 'file upload': '/Users/yuda/Desktop/RIG_v1/evaluation/data/rule_types/attack_overview.json'}"
2024-12-06,09:43:11,"{'succeeded': True, 'file upload': '/Users/yuda/Desktop/RIG_v1/evaluation/data/rule_types/api_rate_limit_reached.json'}"
2024-12-06,09:43:11,"{'succeeded': True, 'file upload': '/Users/yuda/Desktop/RIG_v1/evaluation/data/rule_types/fire_control.json'}"
2024-12-06,09:43:11,"{'succeeded': True, 'file upload': '/Users/yuda/Desktop/RIG_v1/evaluation/data/rule_types/betrayal_risk.json'}"
2024-12-06,09:43:12,"{'succeeded': True, 'file upload': '/Users/yuda/Desktop/RIG_v1/evaluation/data/rule_types/temperature_threshold_exceeded.json'}"
2024-12-06,09:43:12,"{'succeeded': True, 'file upload': '/Users/yuda/Desktop/RIG_v1/evaluation/data/rule_types/disk_space_warning.json'}"
2024-12-06,09:43:12,"{'succeeded': True, 'file upload': '/Users/yuda/Desktop/RIG_v1/evaluation/data/rule_types/radar_error_monitoring.json'}"
2024-12-06,09:43:13,"{'succeeded': True, 'file upload': '/Users/yuda/Desktop/RIG_v1/evaluation/data/rule_types/encryption_flaw.json'}"
2024-12-06,09:43:13,"{'succeeded': True, 'file upload': '/Users/yuda/Desktop/RIG_v1/evaluation/data/rule_types/satellite_disruption.json'}"
2024-12-06,09:43:13,"{'succeeded': True, 'file upload': '/Users/yuda/Desktop/RIG_v1/evaluation/data/rule_types/missile_failure.json'}"
2024-12-06,09:43:14,"{'succeeded': True, 'file upload': '/Users/yuda/Desktop/RIG_v1/evaluation/data/rule_types/defection_threat.json'}"
2024-12-06,09:43:14,"{'succeeded': True, 'file upload': '/Users/yuda/Desktop/RIG_v1/evaluation/data/rule_types/system_failure.json'}"
2024-12-06,09:43:14,"{'succeeded': True, 'file upload': '/Users/yuda/Desktop/RIG_v1/evaluation/data/rule_types/disloyal_soldier.json'}"
2024-12-06,09:43:15,"{'succeeded': True, 'file upload': '/Users/yuda/Desktop/RIG_v1/evaluation/data/rule_types/platoon_report.json'}"
2024-12-06,09:43:15,"{'succeeded': True, 'file upload': '/Users/yuda/Desktop/RIG_v1/evaluation/data/rule_types/corruption_scandal.json'}"
2024-12-06,09:43:15,"{'succeeded': True, 'file upload': '/Users/yuda/Desktop/RIG_v1/evaluation/data/rule_types/suspected_person.json'}"
2024-12-06,09:43:16,"{'succeeded': True, 'file upload': '/Users/yuda/Desktop/RIG_v1/evaluation/data/rule_types/password_expiry.json'}"
2024-12-06,09:43:16,"{'succeeded': True, 'file upload': '/Users/yuda/Desktop/RIG_v1/evaluation/data/rule_types/bomb_failure.json'}"
2024-12-06,09:43:17,"{'succeeded': True, 'file upload': '/Users/yuda/Desktop/RIG_v1/evaluation/data/rule_types/covert_agent.json'}"
2024-12-06,09:43:17,"{'succeeded': True, 'file upload': '/Users/yuda/Desktop/RIG_v1/evaluation/data/rule_types/supply_shortage.json'}"
2024-12-06,09:43:17,"{'succeeded': True, 'file upload': '/Users/yuda/Desktop/RIG_v1/evaluation/data/rule_types/leadership_breakdown.json'}"
2024-12-06,09:43:18,"{'succeeded': True, 'file upload': '/Users/yuda/Desktop/RIG_v1/evaluation/data/rule_types/memory_usage_high.json'}"
2024-12-06,09:43:18,"{'succeeded': True, 'file upload': '/Users/yuda/Desktop/RIG_v1/evaluation/data/rule_types/command_incompetence.json'}"
2024-12-06,09:43:18,"{'succeeded': True, 'file upload': '/Users/yuda/Desktop/RIG_v1/evaluation/data/rule_types/missile_malfunction.json'}"
2024-12-06,09:43:19,"{'succeeded': True, 'file upload': '/Users/yuda/Desktop/RIG_v1/evaluation/data/rule_types/launch_failure.json'}"
2024-12-06,09:43:47,"{'rule_instance': None, 'is_error': True, 'error_message': ""Processing failed: AttributeError, 'NoneType' object has no attribute 'predict'"", 'free_text': 'system failure severity 5', 'type_name': None, 'rag_score': None, 'model_response': None, 'schema': None, 'time': '2024-12-06|09:43:47', 'inference_time': 0.1681995391845703}"
2024-12-06,09:44:28,"{'rule_instance': {'_id': '00000000-0000-0000-0000-000000000000', 'description': 'string', 'isActive': True, 'lastUpdateTime': '00/00/0000 00:00:00', 'params': {'speed': 'null', 'type': 'null', 'weight': 'null', 'fuel': 'null', 'altitute': 'null', 'wheels': 'null', 'engine': 'null'}, 'ruleInstanceName': 'system failure - system failure', 'severity': 5, 'ruleType': 'structured', 'ruleOwner': '', 'ruleTypeId': 'fb8e8ef1-e382-43b5-b896-70d254878751', 'eventDetails': [{'objectName': 'Airplan', 'objectDescription': None, 'timeWindowInMilliseconds': 0, 'useLatest': False}], 'additionalInformation': {}, 'presetId': '00000000-0000-0000-0000-000000000000'}, 'is_error': False, 'error_message': '', 'free_text': 'system failure severity 5', 'type_name': 'system failure', 'rag_score': np.float32(0.62985885), 'model_response': '```json\n    {""speed"": null, ""type"": ""null"", ""weight"": null, ""fuel"": null, ""altitute"": null, ""wheels"": null, ""engine"": null, ""ruleInstanceName"": ""system failure - system failure"", ""severity"": 5}', 'schema': {'speed': 'Int', 'type': 'String', 'weight': 'Int', 'fuel': 'Int', 'altitute': 'Int', 'wheels': 'Int', 'engine': 'Int', 'ruleInstanceName': 'string', 'severity': 'int'}, 'time': '2024-12-06|09:44:28', 'inference_time': 17.529094457626343}"
2024-12-06,11:48:10,"{'succeeded': True, 'file upload': '/Users/yuda/Desktop/RIG_v1/evaluation/data/rule_types/equipment_malfunction.json'}"
2024-12-06,11:48:10,"{'succeeded': True, 'file upload': '/Users/yuda/Desktop/RIG_v1/evaluation/data/rule_types/attack_overview.json'}"
2024-12-06,11:48:10,"{'succeeded': True, 'file upload': '/Users/yuda/Desktop/RIG_v1/evaluation/data/rule_types/api_rate_limit_reached.json'}"
2024-12-06,11:48:10,"{'succeeded': True, 'file upload': '/Users/yuda/Desktop/RIG_v1/evaluation/data/rule_types/fire_control.json'}"
2024-12-06,11:48:11,"{'succeeded': True, 'file upload': '/Users/yuda/Desktop/RIG_v1/evaluation/data/rule_types/betrayal_risk.json'}"
2024-12-06,11:48:11,"{'succeeded': True, 'file upload': '/Users/yuda/Desktop/RIG_v1/evaluation/data/rule_types/temperature_threshold_exceeded.json'}"
2024-12-06,11:48:11,"{'succeeded': True, 'file upload': '/Users/yuda/Desktop/RIG_v1/evaluation/data/rule_types/disk_space_warning.json'}"
2024-12-06,11:48:11,"{'succeeded': True, 'file upload': '/Users/yuda/Desktop/RIG_v1/evaluation/data/rule_types/radar_error_monitoring.json'}"
2024-12-06,11:48:11,"{'succeeded': True, 'file upload': '/Users/yuda/Desktop/RIG_v1/evaluation/data/rule_types/encryption_flaw.json'}"
2024-12-06,11:48:11,"{'succeeded': True, 'file upload': '/Users/yuda/Desktop/RIG_v1/evaluation/data/rule_types/satellite_disruption.json'}"
2024-12-06,11:48:11,"{'succeeded': True, 'file upload': '/Users/yuda/Desktop/RIG_v1/evaluation/data/rule_types/missile_failure.json'}"
2024-12-06,11:48:11,"{'succeeded': True, 'file upload': '/Users/yuda/Desktop/RIG_v1/evaluation/data/rule_types/defection_threat.json'}"
2024-12-06,11:48:11,"{'succeeded': True, 'file upload': '/Users/yuda/Desktop/RIG_v1/evaluation/data/rule_types/system_failure.json'}"
2024-12-06,11:48:12,"{'succeeded': True, 'file upload': '/Users/yuda/Desktop/RIG_v1/evaluation/data/rule_types/disloyal_soldier.json'}"
2024-12-06,11:48:12,"{'succeeded': True, 'file upload': '/Users/yuda/Desktop/RIG_v1/evaluation/data/rule_types/platoon_report.json'}"
2024-12-06,11:48:12,"{'succeeded': True, 'file upload': '/Users/yuda/Desktop/RIG_v1/evaluation/data/rule_types/corruption_scandal.json'}"
2024-12-06,11:48:12,"{'succeeded': True, 'file upload': '/Users/yuda/Desktop/RIG_v1/evaluation/data/rule_types/suspected_person.json'}"
2024-12-06,11:48:12,"{'succeeded': True, 'file upload': '/Users/yuda/Desktop/RIG_v1/evaluation/data/rule_types/password_expiry.json'}"
2024-12-06,11:48:12,"{'succeeded': True, 'file upload': '/Users/yuda/Desktop/RIG_v1/evaluation/data/rule_types/bomb_failure.json'}"
2024-12-06,11:48:12,"{'succeeded': True, 'file upload': '/Users/yuda/Desktop/RIG_v1/evaluation/data/rule_types/covert_agent.json'}"
2024-12-06,11:48:12,"{'succeeded': True, 'file upload': '/Users/yuda/Desktop/RIG_v1/evaluation/data/rule_types/supply_shortage.json'}"
2024-12-06,11:48:12,"{'succeeded': True, 'file upload': '/Users/yuda/Desktop/RIG_v1/evaluation/data/rule_types/leadership_breakdown.json'}"
2024-12-06,11:48:12,"{'succeeded': True, 'file upload': '/Users/yuda/Desktop/RIG_v1/evaluation/data/rule_types/memory_usage_high.json'}"
2024-12-06,11:48:12,"{'succeeded': True, 'file upload': '/Users/yuda/Desktop/RIG_v1/evaluation/data/rule_types/command_incompetence.json'}"
2024-12-06,11:48:12,"{'succeeded': True, 'file upload': '/Users/yuda/Desktop/RIG_v1/evaluation/data/rule_types/missile_malfunction.json'}"
2024-12-06,11:48:12,"{'succeeded': True, 'file upload': '/Users/yuda/Desktop/RIG_v1/evaluation/data/rule_types/launch_failure.json'}"
2024-12-06,11:48:36,"{'succeeded': True, 'file upload': '/Users/yuda/Desktop/RIG_v1/evaluation/data/rule_types/equipment_malfunction.json'}"
2024-12-06,11:48:36,"{'succeeded': True, 'file upload': '/Users/yuda/Desktop/RIG_v1/evaluation/data/rule_types/attack_overview.json'}"
2024-12-06,11:48:36,"{'succeeded': True, 'file upload': '/Users/yuda/Desktop/RIG_v1/evaluation/data/rule_types/api_rate_limit_reached.json'}"
2024-12-06,11:48:37,"{'succeeded': True, 'file upload': '/Users/yuda/Desktop/RIG_v1/evaluation/data/rule_types/fire_control.json'}"
2024-12-06,11:48:37,"{'succeeded': True, 'file upload': '/Users/yuda/Desktop/RIG_v1/evaluation/data/rule_types/betrayal_risk.json'}"
2024-12-06,11:48:37,"{'succeeded': True, 'file upload': '/Users/yuda/Desktop/RIG_v1/evaluation/data/rule_types/temperature_threshold_exceeded.json'}"
2024-12-06,11:48:37,"{'succeeded': True, 'file upload': '/Users/yuda/Desktop/RIG_v1/evaluation/data/rule_types/disk_space_warning.json'}"
2024-12-06,11:48:37,"{'succeeded': True, 'file upload': '/Users/yuda/Desktop/RIG_v1/evaluation/data/rule_types/radar_error_monitoring.json'}"
2024-12-06,11:48:37,"{'succeeded': True, 'file upload': '/Users/yuda/Desktop/RIG_v1/evaluation/data/rule_types/encryption_flaw.json'}"
2024-12-06,11:48:37,"{'succeeded': True, 'file upload': '/Users/yuda/Desktop/RIG_v1/evaluation/data/rule_types/satellite_disruption.json'}"
2024-12-06,11:48:37,"{'succeeded': True, 'file upload': '/Users/yuda/Desktop/RIG_v1/evaluation/data/rule_types/missile_failure.json'}"
2024-12-06,11:48:37,"{'succeeded': True, 'file upload': '/Users/yuda/Desktop/RIG_v1/evaluation/data/rule_types/defection_threat.json'}"
2024-12-06,11:48:37,"{'succeeded': True, 'file upload': '/Users/yuda/Desktop/RIG_v1/evaluation/data/rule_types/system_failure.json'}"
2024-12-06,11:48:38,"{'succeeded': True, 'file upload': '/Users/yuda/Desktop/RIG_v1/evaluation/data/rule_types/disloyal_soldier.json'}"
2024-12-06,11:48:38,"{'succeeded': True, 'file upload': '/Users/yuda/Desktop/RIG_v1/evaluation/data/rule_types/platoon_report.json'}"
2024-12-06,11:48:38,"{'succeeded': True, 'file upload': '/Users/yuda/Desktop/RIG_v1/evaluation/data/rule_types/corruption_scandal.json'}"
2024-12-06,11:48:38,"{'succeeded': True, 'file upload': '/Users/yuda/Desktop/RIG_v1/evaluation/data/rule_types/suspected_person.json'}"
2024-12-06,11:48:38,"{'succeeded': True, 'file upload': '/Users/yuda/Desktop/RIG_v1/evaluation/data/rule_types/password_expiry.json'}"
2024-12-06,11:48:38,"{'succeeded': True, 'file upload': '/Users/yuda/Desktop/RIG_v1/evaluation/data/rule_types/bomb_failure.json'}"
2024-12-06,11:48:38,"{'succeeded': True, 'file upload': '/Users/yuda/Desktop/RIG_v1/evaluation/data/rule_types/covert_agent.json'}"
2024-12-06,11:48:38,"{'succeeded': True, 'file upload': '/Users/yuda/Desktop/RIG_v1/evaluation/data/rule_types/supply_shortage.json'}"
2024-12-06,11:48:38,"{'succeeded': True, 'file upload': '/Users/yuda/Desktop/RIG_v1/evaluation/data/rule_types/leadership_breakdown.json'}"
2024-12-06,11:48:38,"{'succeeded': True, 'file upload': '/Users/yuda/Desktop/RIG_v1/evaluation/data/rule_types/memory_usage_high.json'}"
2024-12-06,11:48:38,"{'succeeded': True, 'file upload': '/Users/yuda/Desktop/RIG_v1/evaluation/data/rule_types/command_incompetence.json'}"
2024-12-06,11:48:38,"{'succeeded': True, 'file upload': '/Users/yuda/Desktop/RIG_v1/evaluation/data/rule_types/missile_malfunction.json'}"
2024-12-06,11:48:38,"{'succeeded': True, 'file upload': '/Users/yuda/Desktop/RIG_v1/evaluation/data/rule_types/launch_failure.json'}"
2024-12-06,11:49:06,"{'succeeded': True, 'file upload': '/Users/yuda/Desktop/RIG_v1/evaluation/data/rule_types/equipment_malfunction.json'}"
2024-12-06,11:49:06,"{'succeeded': True, 'file upload': '/Users/yuda/Desktop/RIG_v1/evaluation/data/rule_types/attack_overview.json'}"
2024-12-06,11:49:06,"{'succeeded': True, 'file upload': '/Users/yuda/Desktop/RIG_v1/evaluation/data/rule_types/api_rate_limit_reached.json'}"
2024-12-06,11:49:06,"{'succeeded': True, 'file upload': '/Users/yuda/Desktop/RIG_v1/evaluation/data/rule_types/fire_control.json'}"
2024-12-06,11:49:06,"{'succeeded': True, 'file upload': '/Users/yuda/Desktop/RIG_v1/evaluation/data/rule_types/betrayal_risk.json'}"
2024-12-06,11:49:06,"{'succeeded': True, 'file upload': '/Users/yuda/Desktop/RIG_v1/evaluation/data/rule_types/temperature_threshold_exceeded.json'}"
2024-12-06,11:49:06,"{'succeeded': True, 'file upload': '/Users/yuda/Desktop/RIG_v1/evaluation/data/rule_types/disk_space_warning.json'}"
2024-12-06,11:49:07,"{'succeeded': True, 'file upload': '/Users/yuda/Desktop/RIG_v1/evaluation/data/rule_types/radar_error_monitoring.json'}"
2024-12-06,11:49:07,"{'succeeded': True, 'file upload': '/Users/yuda/Desktop/RIG_v1/evaluation/data/rule_types/encryption_flaw.json'}"
2024-12-06,11:49:07,"{'succeeded': True, 'file upload': '/Users/yuda/Desktop/RIG_v1/evaluation/data/rule_types/satellite_disruption.json'}"
2024-12-06,11:49:07,"{'succeeded': True, 'file upload': '/Users/yuda/Desktop/RIG_v1/evaluation/data/rule_types/missile_failure.json'}"
2024-12-06,11:49:07,"{'succeeded': True, 'file upload': '/Users/yuda/Desktop/RIG_v1/evaluation/data/rule_types/defection_threat.json'}"
2024-12-06,11:49:07,"{'succeeded': True, 'file upload': '/Users/yuda/Desktop/RIG_v1/evaluation/data/rule_types/system_failure.json'}"
2024-12-06,11:49:07,"{'succeeded': True, 'file upload': '/Users/yuda/Desktop/RIG_v1/evaluation/data/rule_types/disloyal_soldier.json'}"
2024-12-06,11:49:07,"{'succeeded': True, 'file upload': '/Users/yuda/Desktop/RIG_v1/evaluation/data/rule_types/platoon_report.json'}"
2024-12-06,11:49:07,"{'succeeded': True, 'file upload': '/Users/yuda/Desktop/RIG_v1/evaluation/data/rule_types/corruption_scandal.json'}"
2024-12-06,11:49:07,"{'succeeded': True, 'file upload': '/Users/yuda/Desktop/RIG_v1/evaluation/data/rule_types/suspected_person.json'}"
2024-12-06,11:49:07,"{'succeeded': True, 'file upload': '/Users/yuda/Desktop/RIG_v1/evaluation/data/rule_types/password_expiry.json'}"
2024-12-06,11:49:07,"{'succeeded': True, 'file upload': '/Users/yuda/Desktop/RIG_v1/evaluation/data/rule_types/bomb_failure.json'}"
2024-12-06,11:49:08,"{'succeeded': True, 'file upload': '/Users/yuda/Desktop/RIG_v1/evaluation/data/rule_types/covert_agent.json'}"
2024-12-06,11:49:08,"{'succeeded': True, 'file upload': '/Users/yuda/Desktop/RIG_v1/evaluation/data/rule_types/supply_shortage.json'}"
2024-12-06,11:49:08,"{'succeeded': True, 'file upload': '/Users/yuda/Desktop/RIG_v1/evaluation/data/rule_types/leadership_breakdown.json'}"
2024-12-06,11:49:08,"{'succeeded': True, 'file upload': '/Users/yuda/Desktop/RIG_v1/evaluation/data/rule_types/memory_usage_high.json'}"
2024-12-06,11:49:08,"{'succeeded': True, 'file upload': '/Users/yuda/Desktop/RIG_v1/evaluation/data/rule_types/command_incompetence.json'}"
2024-12-06,11:49:08,"{'succeeded': True, 'file upload': '/Users/yuda/Desktop/RIG_v1/evaluation/data/rule_types/missile_malfunction.json'}"
2024-12-06,11:49:08,"{'succeeded': True, 'file upload': '/Users/yuda/Desktop/RIG_v1/evaluation/data/rule_types/launch_failure.json'}"
2024-12-06,11:49:32,"{'succeeded': True, 'file upload': '/Users/yuda/Desktop/RIG_v1/evaluation/data/rule_types/equipment_malfunction.json'}"
2024-12-06,11:49:32,"{'succeeded': True, 'file upload': '/Users/yuda/Desktop/RIG_v1/evaluation/data/rule_types/attack_overview.json'}"
2024-12-06,11:49:32,"{'succeeded': True, 'file upload': '/Users/yuda/Desktop/RIG_v1/evaluation/data/rule_types/api_rate_limit_reached.json'}"
2024-12-06,11:49:32,"{'succeeded': True, 'file upload': '/Users/yuda/Desktop/RIG_v1/evaluation/data/rule_types/fire_control.json'}"
2024-12-06,11:49:32,"{'succeeded': True, 'file upload': '/Users/yuda/Desktop/RIG_v1/evaluation/data/rule_types/betrayal_risk.json'}"
2024-12-06,11:49:32,"{'succeeded': True, 'file upload': '/Users/yuda/Desktop/RIG_v1/evaluation/data/rule_types/temperature_threshold_exceeded.json'}"
2024-12-06,11:49:33,"{'succeeded': True, 'file upload': '/Users/yuda/Desktop/RIG_v1/evaluation/data/rule_types/disk_space_warning.json'}"
2024-12-06,11:49:33,"{'succeeded': True, 'file upload': '/Users/yuda/Desktop/RIG_v1/evaluation/data/rule_types/radar_error_monitoring.json'}"
2024-12-06,11:49:33,"{'succeeded': True, 'file upload': '/Users/yuda/Desktop/RIG_v1/evaluation/data/rule_types/encryption_flaw.json'}"
2024-12-06,11:49:33,"{'succeeded': True, 'file upload': '/Users/yuda/Desktop/RIG_v1/evaluation/data/rule_types/satellite_disruption.json'}"
2024-12-06,11:49:33,"{'succeeded': True, 'file upload': '/Users/yuda/Desktop/RIG_v1/evaluation/data/rule_types/missile_failure.json'}"
2024-12-06,11:49:33,"{'succeeded': True, 'file upload': '/Users/yuda/Desktop/RIG_v1/evaluation/data/rule_types/defection_threat.json'}"
2024-12-06,11:49:33,"{'succeeded': True, 'file upload': '/Users/yuda/Desktop/RIG_v1/evaluation/data/rule_types/system_failure.json'}"
2024-12-06,11:49:33,"{'succeeded': True, 'file upload': '/Users/yuda/Desktop/RIG_v1/evaluation/data/rule_types/disloyal_soldier.json'}"
2024-12-06,11:49:33,"{'succeeded': True, 'file upload': '/Users/yuda/Desktop/RIG_v1/evaluation/data/rule_types/platoon_report.json'}"
2024-12-06,11:49:33,"{'succeeded': True, 'file upload': '/Users/yuda/Desktop/RIG_v1/evaluation/data/rule_types/corruption_scandal.json'}"
2024-12-06,11:49:33,"{'succeeded': True, 'file upload': '/Users/yuda/Desktop/RIG_v1/evaluation/data/rule_types/suspected_person.json'}"
2024-12-06,11:49:34,"{'succeeded': True, 'file upload': '/Users/yuda/Desktop/RIG_v1/evaluation/data/rule_types/password_expiry.json'}"
2024-12-06,11:49:34,"{'succeeded': True, 'file upload': '/Users/yuda/Desktop/RIG_v1/evaluation/data/rule_types/bomb_failure.json'}"
2024-12-06,11:49:34,"{'succeeded': True, 'file upload': '/Users/yuda/Desktop/RIG_v1/evaluation/data/rule_types/covert_agent.json'}"
2024-12-06,11:49:34,"{'succeeded': True, 'file upload': '/Users/yuda/Desktop/RIG_v1/evaluation/data/rule_types/supply_shortage.json'}"
2024-12-06,11:49:34,"{'succeeded': True, 'file upload': '/Users/yuda/Desktop/RIG_v1/evaluation/data/rule_types/leadership_breakdown.json'}"
2024-12-06,11:49:34,"{'succeeded': True, 'file upload': '/Users/yuda/Desktop/RIG_v1/evaluation/data/rule_types/memory_usage_high.json'}"
2024-12-06,11:49:34,"{'succeeded': True, 'file upload': '/Users/yuda/Desktop/RIG_v1/evaluation/data/rule_types/command_incompetence.json'}"
2024-12-06,11:49:34,"{'succeeded': True, 'file upload': '/Users/yuda/Desktop/RIG_v1/evaluation/data/rule_types/missile_malfunction.json'}"
2024-12-06,11:49:34,"{'succeeded': True, 'file upload': '/Users/yuda/Desktop/RIG_v1/evaluation/data/rule_types/launch_failure.json'}"
2024-12-06,11:49:41,"{'rule_instance': None, 'is_error': True, 'error_message': ""error! can't extract json from model response"", 'free_text': 'system failure severity high', 'type_name': 'system failure', 'rag_score': 0.63283265, 'model_response': '{\'speed\': \'null\', \'type\': \'null\', \'weight\': \'null\', \'fuel\': \'null\', \'altitute\': \'null\', \'wheels\': \'null\', \'engine\': \'null\', \'ruleInstanceName\': ""system failure - system failure"", \'severity\': 3}', 'schema': {'speed': 'Int', 'type': 'String', 'weight': 'Int', 'fuel': 'Int', 'altitute': 'Int', 'wheels': 'Int', 'engine': 'Int', 'ruleInstanceName': 'string', 'severity': 'int'}, 'time': '2024-12-06|11:49:41', 'inference_time': 6.659735918045044}"
2024-12-06,09:50:14,"{'succeeded': True, 'file upload': '/Users/yuda/Desktop/RIG_v1/evaluation/data/rule_types/equipment_malfunction.json'}"
2024-12-06,09:50:15,"{'succeeded': True, 'file upload': '/Users/yuda/Desktop/RIG_v1/evaluation/data/rule_types/attack_overview.json'}"
2024-12-06,09:50:15,"{'succeeded': True, 'file upload': '/Users/yuda/Desktop/RIG_v1/evaluation/data/rule_types/api_rate_limit_reached.json'}"
2024-12-06,09:50:15,"{'succeeded': True, 'file upload': '/Users/yuda/Desktop/RIG_v1/evaluation/data/rule_types/fire_control.json'}"
2024-12-06,09:50:16,"{'succeeded': True, 'file upload': '/Users/yuda/Desktop/RIG_v1/evaluation/data/rule_types/betrayal_risk.json'}"
2024-12-06,09:50:16,"{'succeeded': True, 'file upload': '/Users/yuda/Desktop/RIG_v1/evaluation/data/rule_types/temperature_threshold_exceeded.json'}"
2024-12-06,09:50:16,"{'succeeded': True, 'file upload': '/Users/yuda/Desktop/RIG_v1/evaluation/data/rule_types/disk_space_warning.json'}"
2024-12-06,09:50:17,"{'succeeded': True, 'file upload': '/Users/yuda/Desktop/RIG_v1/evaluation/data/rule_types/radar_error_monitoring.json'}"
2024-12-06,09:50:17,"{'succeeded': True, 'file upload': '/Users/yuda/Desktop/RIG_v1/evaluation/data/rule_types/encryption_flaw.json'}"
2024-12-06,09:50:17,"{'succeeded': True, 'file upload': '/Users/yuda/Desktop/RIG_v1/evaluation/data/rule_types/satellite_disruption.json'}"
2024-12-06,09:50:18,"{'succeeded': True, 'file upload': '/Users/yuda/Desktop/RIG_v1/evaluation/data/rule_types/missile_failure.json'}"
2024-12-06,09:50:18,"{'succeeded': True, 'file upload': '/Users/yuda/Desktop/RIG_v1/evaluation/data/rule_types/defection_threat.json'}"
2024-12-06,09:50:18,"{'succeeded': True, 'file upload': '/Users/yuda/Desktop/RIG_v1/evaluation/data/rule_types/system_failure.json'}"
2024-12-06,09:50:19,"{'succeeded': True, 'file upload': '/Users/yuda/Desktop/RIG_v1/evaluation/data/rule_types/disloyal_soldier.json'}"
2024-12-06,09:50:19,"{'succeeded': True, 'file upload': '/Users/yuda/Desktop/RIG_v1/evaluation/data/rule_types/platoon_report.json'}"
2024-12-06,09:50:20,"{'succeeded': True, 'file upload': '/Users/yuda/Desktop/RIG_v1/evaluation/data/rule_types/corruption_scandal.json'}"
2024-12-06,09:50:20,"{'succeeded': True, 'file upload': '/Users/yuda/Desktop/RIG_v1/evaluation/data/rule_types/suspected_person.json'}"
2024-12-06,09:50:20,"{'succeeded': True, 'file upload': '/Users/yuda/Desktop/RIG_v1/evaluation/data/rule_types/password_expiry.json'}"
2024-12-06,09:50:21,"{'succeeded': True, 'file upload': '/Users/yuda/Desktop/RIG_v1/evaluation/data/rule_types/bomb_failure.json'}"
2024-12-06,09:50:21,"{'succeeded': True, 'file upload': '/Users/yuda/Desktop/RIG_v1/evaluation/data/rule_types/covert_agent.json'}"
2024-12-06,09:50:21,"{'succeeded': True, 'file upload': '/Users/yuda/Desktop/RIG_v1/evaluation/data/rule_types/supply_shortage.json'}"
2024-12-06,09:50:22,"{'succeeded': True, 'file upload': '/Users/yuda/Desktop/RIG_v1/evaluation/data/rule_types/leadership_breakdown.json'}"
2024-12-06,09:50:22,"{'succeeded': True, 'file upload': '/Users/yuda/Desktop/RIG_v1/evaluation/data/rule_types/memory_usage_high.json'}"
2024-12-06,09:50:22,"{'succeeded': True, 'file upload': '/Users/yuda/Desktop/RIG_v1/evaluation/data/rule_types/command_incompetence.json'}"
2024-12-06,09:50:23,"{'succeeded': True, 'file upload': '/Users/yuda/Desktop/RIG_v1/evaluation/data/rule_types/missile_malfunction.json'}"
2024-12-06,09:50:23,"{'succeeded': True, 'file upload': '/Users/yuda/Desktop/RIG_v1/evaluation/data/rule_types/launch_failure.json'}"
2024-12-06,09:50:28,"{'rule_instance': None, 'is_error': True, 'error_message': ""Processing failed: AttributeError, 'NoneType' object has no attribute 'predict'"", 'free_text': 'system failure severity 5', 'type_name': None, 'rag_score': None, 'model_response': None, 'schema': None, 'time': '2024-12-06|09:50:28', 'inference_time': 0.16382169723510742}"
2024-12-06,09:50:35,"{'rule_instance': None, 'is_error': True, 'error_message': ""Processing failed: AttributeError, 'NoneType' object has no attribute 'predict'"", 'free_text': 'system failure severity 5', 'type_name': None, 'rag_score': None, 'model_response': None, 'schema': None, 'time': '2024-12-06|09:50:35', 'inference_time': 0.16731500625610352}"
2024-12-06,09:51:17,"{'rule_instance': None, 'is_error': True, 'error_message': ""Processing failed: AttributeError, 'NoneType' object has no attribute 'predict'"", 'free_text': 'system failure severity high', 'type_name': None, 'rag_score': None, 'model_response': None, 'schema': None, 'time': '2024-12-06|09:51:17', 'inference_time': 0.17020320892333984}"
2024-12-06,09:52:20,"{'succeeded': True, 'file upload': '/Users/yuda/Desktop/RIG_v1/evaluation/data/rule_types/equipment_malfunction.json'}"
2024-12-06,09:52:20,"{'succeeded': True, 'file upload': '/Users/yuda/Desktop/RIG_v1/evaluation/data/rule_types/attack_overview.json'}"
2024-12-06,09:52:21,"{'succeeded': True, 'file upload': '/Users/yuda/Desktop/RIG_v1/evaluation/data/rule_types/api_rate_limit_reached.json'}"
2024-12-06,09:52:21,"{'succeeded': True, 'file upload': '/Users/yuda/Desktop/RIG_v1/evaluation/data/rule_types/fire_control.json'}"
2024-12-06,09:52:21,"{'succeeded': True, 'file upload': '/Users/yuda/Desktop/RIG_v1/evaluation/data/rule_types/betrayal_risk.json'}"
2024-12-06,09:52:22,"{'succeeded': True, 'file upload': '/Users/yuda/Desktop/RIG_v1/evaluation/data/rule_types/temperature_threshold_exceeded.json'}"
2024-12-06,09:52:22,"{'succeeded': True, 'file upload': '/Users/yuda/Desktop/RIG_v1/evaluation/data/rule_types/disk_space_warning.json'}"
2024-12-06,09:52:22,"{'succeeded': True, 'file upload': '/Users/yuda/Desktop/RIG_v1/evaluation/data/rule_types/radar_error_monitoring.json'}"
2024-12-06,09:52:23,"{'succeeded': True, 'file upload': '/Users/yuda/Desktop/RIG_v1/evaluation/data/rule_types/encryption_flaw.json'}"
2024-12-06,09:52:23,"{'succeeded': True, 'file upload': '/Users/yuda/Desktop/RIG_v1/evaluation/data/rule_types/satellite_disruption.json'}"
2024-12-06,09:52:23,"{'succeeded': True, 'file upload': '/Users/yuda/Desktop/RIG_v1/evaluation/data/rule_types/missile_failure.json'}"
2024-12-06,09:52:24,"{'succeeded': True, 'file upload': '/Users/yuda/Desktop/RIG_v1/evaluation/data/rule_types/defection_threat.json'}"
2024-12-06,09:52:24,"{'succeeded': True, 'file upload': '/Users/yuda/Desktop/RIG_v1/evaluation/data/rule_types/system_failure.json'}"
2024-12-06,09:52:25,"{'succeeded': True, 'file upload': '/Users/yuda/Desktop/RIG_v1/evaluation/data/rule_types/disloyal_soldier.json'}"
2024-12-06,09:52:25,"{'succeeded': True, 'file upload': '/Users/yuda/Desktop/RIG_v1/evaluation/data/rule_types/platoon_report.json'}"
2024-12-06,09:52:25,"{'succeeded': True, 'file upload': '/Users/yuda/Desktop/RIG_v1/evaluation/data/rule_types/corruption_scandal.json'}"
2024-12-06,09:52:26,"{'succeeded': True, 'file upload': '/Users/yuda/Desktop/RIG_v1/evaluation/data/rule_types/suspected_person.json'}"
2024-12-06,09:52:26,"{'succeeded': True, 'file upload': '/Users/yuda/Desktop/RIG_v1/evaluation/data/rule_types/password_expiry.json'}"
2024-12-06,09:52:27,"{'succeeded': True, 'file upload': '/Users/yuda/Desktop/RIG_v1/evaluation/data/rule_types/bomb_failure.json'}"
2024-12-06,09:52:27,"{'succeeded': True, 'file upload': '/Users/yuda/Desktop/RIG_v1/evaluation/data/rule_types/covert_agent.json'}"
2024-12-06,09:52:27,"{'succeeded': True, 'file upload': '/Users/yuda/Desktop/RIG_v1/evaluation/data/rule_types/supply_shortage.json'}"
2024-12-06,09:52:28,"{'succeeded': True, 'file upload': '/Users/yuda/Desktop/RIG_v1/evaluation/data/rule_types/leadership_breakdown.json'}"
2024-12-06,09:52:28,"{'succeeded': True, 'file upload': '/Users/yuda/Desktop/RIG_v1/evaluation/data/rule_types/memory_usage_high.json'}"
2024-12-06,09:52:28,"{'succeeded': True, 'file upload': '/Users/yuda/Desktop/RIG_v1/evaluation/data/rule_types/command_incompetence.json'}"
2024-12-06,09:52:29,"{'succeeded': True, 'file upload': '/Users/yuda/Desktop/RIG_v1/evaluation/data/rule_types/missile_malfunction.json'}"
2024-12-06,09:52:29,"{'succeeded': True, 'file upload': '/Users/yuda/Desktop/RIG_v1/evaluation/data/rule_types/launch_failure.json'}"
2024-12-06,09:52:38,"{'rule_instance': None, 'is_error': True, 'error_message': ""Processing failed: AttributeError, 'NoneType' object has no attribute 'predict'"", 'free_text': 'system failure severity high', 'type_name': None, 'rag_score': None, 'model_response': None, 'schema': None, 'time': '2024-12-06|09:52:38', 'inference_time': 0.17379355430603027}"
2024-12-06,11:53:56,"{'succeeded': True, 'file upload': '/Users/yuda/Desktop/RIG_v1/evaluation/data/rule_types/equipment_malfunction.json'}"
2024-12-06,11:53:56,"{'succeeded': True, 'file upload': '/Users/yuda/Desktop/RIG_v1/evaluation/data/rule_types/attack_overview.json'}"
2024-12-06,11:53:56,"{'succeeded': True, 'file upload': '/Users/yuda/Desktop/RIG_v1/evaluation/data/rule_types/api_rate_limit_reached.json'}"
2024-12-06,11:53:56,"{'succeeded': True, 'file upload': '/Users/yuda/Desktop/RIG_v1/evaluation/data/rule_types/fire_control.json'}"
2024-12-06,11:53:56,"{'succeeded': True, 'file upload': '/Users/yuda/Desktop/RIG_v1/evaluation/data/rule_types/betrayal_risk.json'}"
2024-12-06,11:53:56,"{'succeeded': True, 'file upload': '/Users/yuda/Desktop/RIG_v1/evaluation/data/rule_types/temperature_threshold_exceeded.json'}"
2024-12-06,11:53:56,"{'succeeded': True, 'file upload': '/Users/yuda/Desktop/RIG_v1/evaluation/data/rule_types/disk_space_warning.json'}"
2024-12-06,11:53:56,"{'succeeded': True, 'file upload': '/Users/yuda/Desktop/RIG_v1/evaluation/data/rule_types/radar_error_monitoring.json'}"
2024-12-06,11:53:57,"{'succeeded': True, 'file upload': '/Users/yuda/Desktop/RIG_v1/evaluation/data/rule_types/encryption_flaw.json'}"
2024-12-06,11:53:57,"{'succeeded': True, 'file upload': '/Users/yuda/Desktop/RIG_v1/evaluation/data/rule_types/satellite_disruption.json'}"
2024-12-06,11:53:57,"{'succeeded': True, 'file upload': '/Users/yuda/Desktop/RIG_v1/evaluation/data/rule_types/missile_failure.json'}"
2024-12-06,11:53:57,"{'succeeded': True, 'file upload': '/Users/yuda/Desktop/RIG_v1/evaluation/data/rule_types/defection_threat.json'}"
2024-12-06,11:53:57,"{'succeeded': True, 'file upload': '/Users/yuda/Desktop/RIG_v1/evaluation/data/rule_types/system_failure.json'}"
2024-12-06,11:53:57,"{'succeeded': True, 'file upload': '/Users/yuda/Desktop/RIG_v1/evaluation/data/rule_types/disloyal_soldier.json'}"
2024-12-06,11:53:57,"{'succeeded': True, 'file upload': '/Users/yuda/Desktop/RIG_v1/evaluation/data/rule_types/platoon_report.json'}"
2024-12-06,11:53:57,"{'succeeded': True, 'file upload': '/Users/yuda/Desktop/RIG_v1/evaluation/data/rule_types/corruption_scandal.json'}"
2024-12-06,11:53:57,"{'succeeded': True, 'file upload': '/Users/yuda/Desktop/RIG_v1/evaluation/data/rule_types/suspected_person.json'}"
2024-12-06,11:53:57,"{'succeeded': True, 'file upload': '/Users/yuda/Desktop/RIG_v1/evaluation/data/rule_types/password_expiry.json'}"
2024-12-06,11:53:57,"{'succeeded': True, 'file upload': '/Users/yuda/Desktop/RIG_v1/evaluation/data/rule_types/bomb_failure.json'}"
2024-12-06,11:53:58,"{'succeeded': True, 'file upload': '/Users/yuda/Desktop/RIG_v1/evaluation/data/rule_types/covert_agent.json'}"
2024-12-06,11:53:58,"{'succeeded': True, 'file upload': '/Users/yuda/Desktop/RIG_v1/evaluation/data/rule_types/supply_shortage.json'}"
2024-12-06,11:53:58,"{'succeeded': True, 'file upload': '/Users/yuda/Desktop/RIG_v1/evaluation/data/rule_types/leadership_breakdown.json'}"
2024-12-06,11:53:58,"{'succeeded': True, 'file upload': '/Users/yuda/Desktop/RIG_v1/evaluation/data/rule_types/memory_usage_high.json'}"
2024-12-06,11:53:58,"{'succeeded': True, 'file upload': '/Users/yuda/Desktop/RIG_v1/evaluation/data/rule_types/command_incompetence.json'}"
2024-12-06,11:53:58,"{'succeeded': True, 'file upload': '/Users/yuda/Desktop/RIG_v1/evaluation/data/rule_types/missile_malfunction.json'}"
2024-12-06,11:53:58,"{'succeeded': True, 'file upload': '/Users/yuda/Desktop/RIG_v1/evaluation/data/rule_types/launch_failure.json'}"
2024-12-06,11:53:58,"{'rule_instance': None, 'is_error': True, 'error_message': ""Processing failed: AttributeError, 'NoneType' object has no attribute 'predict'"", 'free_text': 'system failure severity high', 'type_name': None, 'rag_score': None, 'model_response': None, 'schema': None, 'time': '2024-12-06|11:53:58', 'inference_time': 0.09916210174560547}"
2024-12-06,11:54:13,"{'succeeded': True, 'file upload': '/Users/yuda/Desktop/RIG_v1/evaluation/data/rule_types/equipment_malfunction.json'}"
2024-12-06,11:54:13,"{'succeeded': True, 'file upload': '/Users/yuda/Desktop/RIG_v1/evaluation/data/rule_types/attack_overview.json'}"
2024-12-06,11:54:13,"{'succeeded': True, 'file upload': '/Users/yuda/Desktop/RIG_v1/evaluation/data/rule_types/api_rate_limit_reached.json'}"
2024-12-06,11:54:14,"{'succeeded': True, 'file upload': '/Users/yuda/Desktop/RIG_v1/evaluation/data/rule_types/fire_control.json'}"
2024-12-06,11:54:14,"{'succeeded': True, 'file upload': '/Users/yuda/Desktop/RIG_v1/evaluation/data/rule_types/betrayal_risk.json'}"
2024-12-06,11:54:14,"{'succeeded': True, 'file upload': '/Users/yuda/Desktop/RIG_v1/evaluation/data/rule_types/temperature_threshold_exceeded.json'}"
2024-12-06,11:54:14,"{'succeeded': True, 'file upload': '/Users/yuda/Desktop/RIG_v1/evaluation/data/rule_types/disk_space_warning.json'}"
2024-12-06,11:54:14,"{'succeeded': True, 'file upload': '/Users/yuda/Desktop/RIG_v1/evaluation/data/rule_types/radar_error_monitoring.json'}"
2024-12-06,11:54:14,"{'succeeded': True, 'file upload': '/Users/yuda/Desktop/RIG_v1/evaluation/data/rule_types/encryption_flaw.json'}"
2024-12-06,11:54:14,"{'succeeded': True, 'file upload': '/Users/yuda/Desktop/RIG_v1/evaluation/data/rule_types/satellite_disruption.json'}"
2024-12-06,11:54:14,"{'succeeded': True, 'file upload': '/Users/yuda/Desktop/RIG_v1/evaluation/data/rule_types/missile_failure.json'}"
2024-12-06,11:54:14,"{'succeeded': True, 'file upload': '/Users/yuda/Desktop/RIG_v1/evaluation/data/rule_types/defection_threat.json'}"
2024-12-06,11:54:15,"{'succeeded': True, 'file upload': '/Users/yuda/Desktop/RIG_v1/evaluation/data/rule_types/system_failure.json'}"
2024-12-06,11:54:15,"{'succeeded': True, 'file upload': '/Users/yuda/Desktop/RIG_v1/evaluation/data/rule_types/disloyal_soldier.json'}"
2024-12-06,11:54:15,"{'succeeded': True, 'file upload': '/Users/yuda/Desktop/RIG_v1/evaluation/data/rule_types/platoon_report.json'}"
2024-12-06,11:54:15,"{'succeeded': True, 'file upload': '/Users/yuda/Desktop/RIG_v1/evaluation/data/rule_types/corruption_scandal.json'}"
2024-12-06,11:54:15,"{'succeeded': True, 'file upload': '/Users/yuda/Desktop/RIG_v1/evaluation/data/rule_types/suspected_person.json'}"
2024-12-06,11:54:15,"{'succeeded': True, 'file upload': '/Users/yuda/Desktop/RIG_v1/evaluation/data/rule_types/password_expiry.json'}"
2024-12-06,11:54:15,"{'succeeded': True, 'file upload': '/Users/yuda/Desktop/RIG_v1/evaluation/data/rule_types/bomb_failure.json'}"
2024-12-06,11:54:15,"{'succeeded': True, 'file upload': '/Users/yuda/Desktop/RIG_v1/evaluation/data/rule_types/covert_agent.json'}"
2024-12-06,11:54:15,"{'succeeded': True, 'file upload': '/Users/yuda/Desktop/RIG_v1/evaluation/data/rule_types/supply_shortage.json'}"
2024-12-06,11:54:15,"{'succeeded': True, 'file upload': '/Users/yuda/Desktop/RIG_v1/evaluation/data/rule_types/leadership_breakdown.json'}"
2024-12-06,11:54:15,"{'succeeded': True, 'file upload': '/Users/yuda/Desktop/RIG_v1/evaluation/data/rule_types/memory_usage_high.json'}"
2024-12-06,11:54:15,"{'succeeded': True, 'file upload': '/Users/yuda/Desktop/RIG_v1/evaluation/data/rule_types/command_incompetence.json'}"
2024-12-06,11:54:15,"{'succeeded': True, 'file upload': '/Users/yuda/Desktop/RIG_v1/evaluation/data/rule_types/missile_malfunction.json'}"
2024-12-06,11:54:16,"{'succeeded': True, 'file upload': '/Users/yuda/Desktop/RIG_v1/evaluation/data/rule_types/launch_failure.json'}"
2024-12-06,11:54:22,"{'rule_instance': None, 'is_error': True, 'error_message': ""error! can't extract json from model response"", 'free_text': 'system failure severity high', 'type_name': 'system failure', 'rag_score': 0.63283265, 'model_response': '{\'speed\': \'null\', \'type\': \'null\', \'weight\': \'null\', \'fuel\': \'null\', \'altitute\': \'null\', \'wheels\': \'null\', \'engine\': \'null\', \'ruleInstanceName\': ""system failure - system failure"", \'severity\': 3}', 'schema': {'speed': 'Int', 'type': 'String', 'weight': 'Int', 'fuel': 'Int', 'altitute': 'Int', 'wheels': 'Int', 'engine': 'Int', 'ruleInstanceName': 'string', 'severity': 'int'}, 'time': '2024-12-06|11:54:22', 'inference_time': 6.546257734298706}"
2024-12-06,09:55:41,"{'succeeded': True, 'file upload': '/Users/yuda/Desktop/RIG_v1/evaluation/data/rule_types/equipment_malfunction.json'}"
2024-12-06,09:55:41,"{'succeeded': True, 'file upload': '/Users/yuda/Desktop/RIG_v1/evaluation/data/rule_types/attack_overview.json'}"
2024-12-06,09:55:41,"{'succeeded': True, 'file upload': '/Users/yuda/Desktop/RIG_v1/evaluation/data/rule_types/api_rate_limit_reached.json'}"
2024-12-06,09:55:42,"{'succeeded': True, 'file upload': '/Users/yuda/Desktop/RIG_v1/evaluation/data/rule_types/fire_control.json'}"
2024-12-06,09:55:42,"{'succeeded': True, 'file upload': '/Users/yuda/Desktop/RIG_v1/evaluation/data/rule_types/betrayal_risk.json'}"
2024-12-06,09:55:42,"{'succeeded': True, 'file upload': '/Users/yuda/Desktop/RIG_v1/evaluation/data/rule_types/temperature_threshold_exceeded.json'}"
2024-12-06,09:55:43,"{'succeeded': True, 'file upload': '/Users/yuda/Desktop/RIG_v1/evaluation/data/rule_types/disk_space_warning.json'}"
2024-12-06,09:55:43,"{'succeeded': True, 'file upload': '/Users/yuda/Desktop/RIG_v1/evaluation/data/rule_types/radar_error_monitoring.json'}"
2024-12-06,09:55:44,"{'succeeded': True, 'file upload': '/Users/yuda/Desktop/RIG_v1/evaluation/data/rule_types/encryption_flaw.json'}"
2024-12-06,09:55:44,"{'succeeded': True, 'file upload': '/Users/yuda/Desktop/RIG_v1/evaluation/data/rule_types/satellite_disruption.json'}"
2024-12-06,09:55:44,"{'succeeded': True, 'file upload': '/Users/yuda/Desktop/RIG_v1/evaluation/data/rule_types/missile_failure.json'}"
2024-12-06,09:55:45,"{'succeeded': True, 'file upload': '/Users/yuda/Desktop/RIG_v1/evaluation/data/rule_types/defection_threat.json'}"
2024-12-06,09:55:45,"{'succeeded': True, 'file upload': '/Users/yuda/Desktop/RIG_v1/evaluation/data/rule_types/system_failure.json'}"
2024-12-06,09:55:45,"{'succeeded': True, 'file upload': '/Users/yuda/Desktop/RIG_v1/evaluation/data/rule_types/disloyal_soldier.json'}"
2024-12-06,09:55:46,"{'succeeded': True, 'file upload': '/Users/yuda/Desktop/RIG_v1/evaluation/data/rule_types/platoon_report.json'}"
2024-12-06,09:55:46,"{'succeeded': True, 'file upload': '/Users/yuda/Desktop/RIG_v1/evaluation/data/rule_types/corruption_scandal.json'}"
2024-12-06,09:55:46,"{'succeeded': True, 'file upload': '/Users/yuda/Desktop/RIG_v1/evaluation/data/rule_types/suspected_person.json'}"
2024-12-06,09:55:47,"{'succeeded': True, 'file upload': '/Users/yuda/Desktop/RIG_v1/evaluation/data/rule_types/password_expiry.json'}"
2024-12-06,09:55:47,"{'succeeded': True, 'file upload': '/Users/yuda/Desktop/RIG_v1/evaluation/data/rule_types/bomb_failure.json'}"
2024-12-06,09:55:47,"{'succeeded': True, 'file upload': '/Users/yuda/Desktop/RIG_v1/evaluation/data/rule_types/covert_agent.json'}"
2024-12-06,09:55:48,"{'succeeded': True, 'file upload': '/Users/yuda/Desktop/RIG_v1/evaluation/data/rule_types/supply_shortage.json'}"
2024-12-06,09:55:48,"{'succeeded': True, 'file upload': '/Users/yuda/Desktop/RIG_v1/evaluation/data/rule_types/leadership_breakdown.json'}"
2024-12-06,09:55:49,"{'succeeded': True, 'file upload': '/Users/yuda/Desktop/RIG_v1/evaluation/data/rule_types/memory_usage_high.json'}"
2024-12-06,09:55:49,"{'succeeded': True, 'file upload': '/Users/yuda/Desktop/RIG_v1/evaluation/data/rule_types/command_incompetence.json'}"
2024-12-06,09:55:49,"{'succeeded': True, 'file upload': '/Users/yuda/Desktop/RIG_v1/evaluation/data/rule_types/missile_malfunction.json'}"
2024-12-06,09:55:50,"{'succeeded': True, 'file upload': '/Users/yuda/Desktop/RIG_v1/evaluation/data/rule_types/launch_failure.json'}"
2024-12-06,09:56:09,"{'rule_instance': None, 'is_error': True, 'error_message': ""error! can't extract json from model response"", 'free_text': 'system failure severity high', 'type_name': 'system failure', 'rag_score': np.float32(0.63283265), 'model_response': ""{'speed': 'null', 'type': 'null', 'weight': 'null', 'fuel': 'null', 'altitute': 'null', 'wheels': 'null', 'engine': 'null', 'ruleInstanceName': 'system failure - ?', 'severity': 3}"", 'schema': {'speed': 'Int', 'type': 'String', 'weight': 'Int', 'fuel': 'Int', 'altitute': 'Int', 'wheels': 'Int', 'engine': 'Int', 'ruleInstanceName': 'string', 'severity': 'int'}, 'time': '2024-12-06|09:56:09', 'inference_time': 18.106258630752563}"
2024-12-06,09:57:17,"{'succeeded': True, 'file upload': '/Users/yuda/Desktop/RIG_v1/evaluation/data/rule_types/equipment_malfunction.json'}"
2024-12-06,09:57:17,"{'succeeded': True, 'file upload': '/Users/yuda/Desktop/RIG_v1/evaluation/data/rule_types/attack_overview.json'}"
2024-12-06,09:57:18,"{'succeeded': True, 'file upload': '/Users/yuda/Desktop/RIG_v1/evaluation/data/rule_types/api_rate_limit_reached.json'}"
2024-12-06,09:57:18,"{'succeeded': True, 'file upload': '/Users/yuda/Desktop/RIG_v1/evaluation/data/rule_types/fire_control.json'}"
2024-12-06,09:57:18,"{'succeeded': True, 'file upload': '/Users/yuda/Desktop/RIG_v1/evaluation/data/rule_types/betrayal_risk.json'}"
2024-12-06,09:57:19,"{'succeeded': True, 'file upload': '/Users/yuda/Desktop/RIG_v1/evaluation/data/rule_types/temperature_threshold_exceeded.json'}"
2024-12-06,09:57:19,"{'succeeded': True, 'file upload': '/Users/yuda/Desktop/RIG_v1/evaluation/data/rule_types/disk_space_warning.json'}"
2024-12-06,09:57:19,"{'succeeded': True, 'file upload': '/Users/yuda/Desktop/RIG_v1/evaluation/data/rule_types/radar_error_monitoring.json'}"
2024-12-06,09:57:20,"{'succeeded': True, 'file upload': '/Users/yuda/Desktop/RIG_v1/evaluation/data/rule_types/encryption_flaw.json'}"
2024-12-06,09:57:20,"{'succeeded': True, 'file upload': '/Users/yuda/Desktop/RIG_v1/evaluation/data/rule_types/satellite_disruption.json'}"
2024-12-06,09:57:20,"{'succeeded': True, 'file upload': '/Users/yuda/Desktop/RIG_v1/evaluation/data/rule_types/missile_failure.json'}"
2024-12-06,09:57:21,"{'succeeded': True, 'file upload': '/Users/yuda/Desktop/RIG_v1/evaluation/data/rule_types/defection_threat.json'}"
2024-12-06,09:57:21,"{'succeeded': True, 'file upload': '/Users/yuda/Desktop/RIG_v1/evaluation/data/rule_types/system_failure.json'}"
2024-12-06,09:57:22,"{'succeeded': True, 'file upload': '/Users/yuda/Desktop/RIG_v1/evaluation/data/rule_types/disloyal_soldier.json'}"
2024-12-06,09:57:22,"{'succeeded': True, 'file upload': '/Users/yuda/Desktop/RIG_v1/evaluation/data/rule_types/platoon_report.json'}"
2024-12-06,09:57:22,"{'succeeded': True, 'file upload': '/Users/yuda/Desktop/RIG_v1/evaluation/data/rule_types/corruption_scandal.json'}"
2024-12-06,09:57:23,"{'succeeded': True, 'file upload': '/Users/yuda/Desktop/RIG_v1/evaluation/data/rule_types/suspected_person.json'}"
2024-12-06,09:57:23,"{'succeeded': True, 'file upload': '/Users/yuda/Desktop/RIG_v1/evaluation/data/rule_types/password_expiry.json'}"
2024-12-06,09:57:23,"{'succeeded': True, 'file upload': '/Users/yuda/Desktop/RIG_v1/evaluation/data/rule_types/bomb_failure.json'}"
2024-12-06,09:57:24,"{'succeeded': True, 'file upload': '/Users/yuda/Desktop/RIG_v1/evaluation/data/rule_types/covert_agent.json'}"
2024-12-06,09:57:24,"{'succeeded': True, 'file upload': '/Users/yuda/Desktop/RIG_v1/evaluation/data/rule_types/supply_shortage.json'}"
2024-12-06,09:57:24,"{'succeeded': True, 'file upload': '/Users/yuda/Desktop/RIG_v1/evaluation/data/rule_types/leadership_breakdown.json'}"
2024-12-06,09:57:25,"{'succeeded': True, 'file upload': '/Users/yuda/Desktop/RIG_v1/evaluation/data/rule_types/memory_usage_high.json'}"
2024-12-06,09:57:25,"{'succeeded': True, 'file upload': '/Users/yuda/Desktop/RIG_v1/evaluation/data/rule_types/command_incompetence.json'}"
2024-12-06,09:57:25,"{'succeeded': True, 'file upload': '/Users/yuda/Desktop/RIG_v1/evaluation/data/rule_types/missile_malfunction.json'}"
2024-12-06,09:57:26,"{'succeeded': True, 'file upload': '/Users/yuda/Desktop/RIG_v1/evaluation/data/rule_types/launch_failure.json'}"
2024-12-06,09:59:41,"{'succeeded': True, 'file upload': '/Users/yuda/Desktop/RIG_v1/evaluation/data/rule_types/equipment_malfunction.json'}"
2024-12-06,09:59:42,"{'succeeded': True, 'file upload': '/Users/yuda/Desktop/RIG_v1/evaluation/data/rule_types/attack_overview.json'}"
2024-12-06,09:59:42,"{'succeeded': True, 'file upload': '/Users/yuda/Desktop/RIG_v1/evaluation/data/rule_types/api_rate_limit_reached.json'}"
2024-12-06,09:59:43,"{'succeeded': True, 'file upload': '/Users/yuda/Desktop/RIG_v1/evaluation/data/rule_types/fire_control.json'}"
2024-12-06,09:59:43,"{'succeeded': True, 'file upload': '/Users/yuda/Desktop/RIG_v1/evaluation/data/rule_types/betrayal_risk.json'}"
2024-12-06,09:59:43,"{'succeeded': True, 'file upload': '/Users/yuda/Desktop/RIG_v1/evaluation/data/rule_types/temperature_threshold_exceeded.json'}"
2024-12-06,09:59:44,"{'succeeded': True, 'file upload': '/Users/yuda/Desktop/RIG_v1/evaluation/data/rule_types/disk_space_warning.json'}"
2024-12-06,09:59:44,"{'succeeded': True, 'file upload': '/Users/yuda/Desktop/RIG_v1/evaluation/data/rule_types/radar_error_monitoring.json'}"
2024-12-06,09:59:44,"{'succeeded': True, 'file upload': '/Users/yuda/Desktop/RIG_v1/evaluation/data/rule_types/encryption_flaw.json'}"
2024-12-06,09:59:45,"{'succeeded': True, 'file upload': '/Users/yuda/Desktop/RIG_v1/evaluation/data/rule_types/satellite_disruption.json'}"
2024-12-06,09:59:45,"{'succeeded': True, 'file upload': '/Users/yuda/Desktop/RIG_v1/evaluation/data/rule_types/missile_failure.json'}"
2024-12-06,09:59:45,"{'succeeded': True, 'file upload': '/Users/yuda/Desktop/RIG_v1/evaluation/data/rule_types/defection_threat.json'}"
2024-12-06,09:59:46,"{'succeeded': True, 'file upload': '/Users/yuda/Desktop/RIG_v1/evaluation/data/rule_types/system_failure.json'}"
2024-12-06,09:59:46,"{'succeeded': True, 'file upload': '/Users/yuda/Desktop/RIG_v1/evaluation/data/rule_types/disloyal_soldier.json'}"
2024-12-06,09:59:47,"{'succeeded': True, 'file upload': '/Users/yuda/Desktop/RIG_v1/evaluation/data/rule_types/platoon_report.json'}"
2024-12-06,09:59:47,"{'succeeded': True, 'file upload': '/Users/yuda/Desktop/RIG_v1/evaluation/data/rule_types/corruption_scandal.json'}"
2024-12-06,09:59:47,"{'succeeded': True, 'file upload': '/Users/yuda/Desktop/RIG_v1/evaluation/data/rule_types/suspected_person.json'}"
2024-12-06,09:59:48,"{'succeeded': True, 'file upload': '/Users/yuda/Desktop/RIG_v1/evaluation/data/rule_types/password_expiry.json'}"
2024-12-06,09:59:48,"{'succeeded': True, 'file upload': '/Users/yuda/Desktop/RIG_v1/evaluation/data/rule_types/bomb_failure.json'}"
2024-12-06,09:59:48,"{'succeeded': True, 'file upload': '/Users/yuda/Desktop/RIG_v1/evaluation/data/rule_types/covert_agent.json'}"
2024-12-06,09:59:49,"{'succeeded': True, 'file upload': '/Users/yuda/Desktop/RIG_v1/evaluation/data/rule_types/supply_shortage.json'}"
2024-12-06,09:59:49,"{'succeeded': True, 'file upload': '/Users/yuda/Desktop/RIG_v1/evaluation/data/rule_types/leadership_breakdown.json'}"
2024-12-06,09:59:50,"{'succeeded': True, 'file upload': '/Users/yuda/Desktop/RIG_v1/evaluation/data/rule_types/memory_usage_high.json'}"
2024-12-06,09:59:50,"{'succeeded': True, 'file upload': '/Users/yuda/Desktop/RIG_v1/evaluation/data/rule_types/command_incompetence.json'}"
2024-12-06,09:59:50,"{'succeeded': True, 'file upload': '/Users/yuda/Desktop/RIG_v1/evaluation/data/rule_types/missile_malfunction.json'}"
2024-12-06,09:59:51,"{'succeeded': True, 'file upload': '/Users/yuda/Desktop/RIG_v1/evaluation/data/rule_types/launch_failure.json'}"
2024-12-06,10:01:35,"{'succeeded': True, 'file upload': '/Users/yuda/Desktop/RIG_v1/evaluation/data/rule_types/equipment_malfunction.json'}"
2024-12-06,10:01:35,"{'succeeded': True, 'file upload': '/Users/yuda/Desktop/RIG_v1/evaluation/data/rule_types/attack_overview.json'}"
2024-12-06,10:01:36,"{'succeeded': True, 'file upload': '/Users/yuda/Desktop/RIG_v1/evaluation/data/rule_types/api_rate_limit_reached.json'}"
2024-12-06,10:01:36,"{'succeeded': True, 'file upload': '/Users/yuda/Desktop/RIG_v1/evaluation/data/rule_types/fire_control.json'}"
2024-12-06,10:01:36,"{'succeeded': True, 'file upload': '/Users/yuda/Desktop/RIG_v1/evaluation/data/rule_types/betrayal_risk.json'}"
2024-12-06,10:01:37,"{'succeeded': True, 'file upload': '/Users/yuda/Desktop/RIG_v1/evaluation/data/rule_types/temperature_threshold_exceeded.json'}"
2024-12-06,10:01:37,"{'succeeded': True, 'file upload': '/Users/yuda/Desktop/RIG_v1/evaluation/data/rule_types/disk_space_warning.json'}"
2024-12-06,10:01:37,"{'succeeded': True, 'file upload': '/Users/yuda/Desktop/RIG_v1/evaluation/data/rule_types/radar_error_monitoring.json'}"
2024-12-06,10:01:38,"{'succeeded': True, 'file upload': '/Users/yuda/Desktop/RIG_v1/evaluation/data/rule_types/encryption_flaw.json'}"
2024-12-06,10:01:38,"{'succeeded': True, 'file upload': '/Users/yuda/Desktop/RIG_v1/evaluation/data/rule_types/satellite_disruption.json'}"
2024-12-06,10:01:38,"{'succeeded': True, 'file upload': '/Users/yuda/Desktop/RIG_v1/evaluation/data/rule_types/missile_failure.json'}"
2024-12-06,10:01:39,"{'succeeded': True, 'file upload': '/Users/yuda/Desktop/RIG_v1/evaluation/data/rule_types/defection_threat.json'}"
2024-12-06,10:01:39,"{'succeeded': True, 'file upload': '/Users/yuda/Desktop/RIG_v1/evaluation/data/rule_types/system_failure.json'}"
2024-12-06,10:01:39,"{'succeeded': True, 'file upload': '/Users/yuda/Desktop/RIG_v1/evaluation/data/rule_types/disloyal_soldier.json'}"
2024-12-06,10:01:40,"{'succeeded': True, 'file upload': '/Users/yuda/Desktop/RIG_v1/evaluation/data/rule_types/platoon_report.json'}"
2024-12-06,10:01:40,"{'succeeded': True, 'file upload': '/Users/yuda/Desktop/RIG_v1/evaluation/data/rule_types/corruption_scandal.json'}"
2024-12-06,10:01:41,"{'succeeded': True, 'file upload': '/Users/yuda/Desktop/RIG_v1/evaluation/data/rule_types/suspected_person.json'}"
2024-12-06,10:01:41,"{'succeeded': True, 'file upload': '/Users/yuda/Desktop/RIG_v1/evaluation/data/rule_types/password_expiry.json'}"
2024-12-06,10:01:41,"{'succeeded': True, 'file upload': '/Users/yuda/Desktop/RIG_v1/evaluation/data/rule_types/bomb_failure.json'}"
2024-12-06,10:01:42,"{'succeeded': True, 'file upload': '/Users/yuda/Desktop/RIG_v1/evaluation/data/rule_types/covert_agent.json'}"
2024-12-06,10:01:42,"{'succeeded': True, 'file upload': '/Users/yuda/Desktop/RIG_v1/evaluation/data/rule_types/supply_shortage.json'}"
2024-12-06,10:01:42,"{'succeeded': True, 'file upload': '/Users/yuda/Desktop/RIG_v1/evaluation/data/rule_types/leadership_breakdown.json'}"
2024-12-06,10:01:43,"{'succeeded': True, 'file upload': '/Users/yuda/Desktop/RIG_v1/evaluation/data/rule_types/memory_usage_high.json'}"
2024-12-06,10:01:43,"{'succeeded': True, 'file upload': '/Users/yuda/Desktop/RIG_v1/evaluation/data/rule_types/command_incompetence.json'}"
2024-12-06,10:01:43,"{'succeeded': True, 'file upload': '/Users/yuda/Desktop/RIG_v1/evaluation/data/rule_types/missile_malfunction.json'}"
2024-12-06,10:01:44,"{'succeeded': True, 'file upload': '/Users/yuda/Desktop/RIG_v1/evaluation/data/rule_types/launch_failure.json'}"
2024-12-06,10:02:30,"{'succeeded': True, 'file upload': '/Users/yuda/Desktop/RIG_v1/evaluation/data/rule_types/equipment_malfunction.json'}"
2024-12-06,10:02:31,"{'succeeded': True, 'file upload': '/Users/yuda/Desktop/RIG_v1/evaluation/data/rule_types/attack_overview.json'}"
2024-12-06,10:02:31,"{'succeeded': True, 'file upload': '/Users/yuda/Desktop/RIG_v1/evaluation/data/rule_types/api_rate_limit_reached.json'}"
2024-12-06,10:02:31,"{'succeeded': True, 'file upload': '/Users/yuda/Desktop/RIG_v1/evaluation/data/rule_types/fire_control.json'}"
2024-12-06,10:02:32,"{'succeeded': True, 'file upload': '/Users/yuda/Desktop/RIG_v1/evaluation/data/rule_types/betrayal_risk.json'}"
2024-12-06,10:02:32,"{'succeeded': True, 'file upload': '/Users/yuda/Desktop/RIG_v1/evaluation/data/rule_types/temperature_threshold_exceeded.json'}"
2024-12-06,10:02:32,"{'succeeded': True, 'file upload': '/Users/yuda/Desktop/RIG_v1/evaluation/data/rule_types/disk_space_warning.json'}"
2024-12-06,10:02:33,"{'succeeded': True, 'file upload': '/Users/yuda/Desktop/RIG_v1/evaluation/data/rule_types/radar_error_monitoring.json'}"
2024-12-06,10:02:33,"{'succeeded': True, 'file upload': '/Users/yuda/Desktop/RIG_v1/evaluation/data/rule_types/encryption_flaw.json'}"
2024-12-06,10:02:33,"{'succeeded': True, 'file upload': '/Users/yuda/Desktop/RIG_v1/evaluation/data/rule_types/satellite_disruption.json'}"
2024-12-06,10:02:34,"{'succeeded': True, 'file upload': '/Users/yuda/Desktop/RIG_v1/evaluation/data/rule_types/missile_failure.json'}"
2024-12-06,10:02:34,"{'succeeded': True, 'file upload': '/Users/yuda/Desktop/RIG_v1/evaluation/data/rule_types/defection_threat.json'}"
2024-12-06,10:02:35,"{'succeeded': True, 'file upload': '/Users/yuda/Desktop/RIG_v1/evaluation/data/rule_types/system_failure.json'}"
2024-12-06,10:02:35,"{'succeeded': True, 'file upload': '/Users/yuda/Desktop/RIG_v1/evaluation/data/rule_types/disloyal_soldier.json'}"
2024-12-06,10:02:35,"{'succeeded': True, 'file upload': '/Users/yuda/Desktop/RIG_v1/evaluation/data/rule_types/platoon_report.json'}"
2024-12-06,10:02:36,"{'succeeded': True, 'file upload': '/Users/yuda/Desktop/RIG_v1/evaluation/data/rule_types/corruption_scandal.json'}"
2024-12-06,10:02:36,"{'succeeded': True, 'file upload': '/Users/yuda/Desktop/RIG_v1/evaluation/data/rule_types/suspected_person.json'}"
2024-12-06,10:02:36,"{'succeeded': True, 'file upload': '/Users/yuda/Desktop/RIG_v1/evaluation/data/rule_types/password_expiry.json'}"
2024-12-06,10:02:37,"{'succeeded': True, 'file upload': '/Users/yuda/Desktop/RIG_v1/evaluation/data/rule_types/bomb_failure.json'}"
2024-12-06,10:02:37,"{'succeeded': True, 'file upload': '/Users/yuda/Desktop/RIG_v1/evaluation/data/rule_types/covert_agent.json'}"
2024-12-06,10:02:37,"{'succeeded': True, 'file upload': '/Users/yuda/Desktop/RIG_v1/evaluation/data/rule_types/supply_shortage.json'}"
2024-12-06,10:02:38,"{'succeeded': True, 'file upload': '/Users/yuda/Desktop/RIG_v1/evaluation/data/rule_types/leadership_breakdown.json'}"
2024-12-06,10:02:38,"{'succeeded': True, 'file upload': '/Users/yuda/Desktop/RIG_v1/evaluation/data/rule_types/memory_usage_high.json'}"
2024-12-06,10:02:39,"{'succeeded': True, 'file upload': '/Users/yuda/Desktop/RIG_v1/evaluation/data/rule_types/command_incompetence.json'}"
2024-12-06,10:02:39,"{'succeeded': True, 'file upload': '/Users/yuda/Desktop/RIG_v1/evaluation/data/rule_types/missile_malfunction.json'}"
2024-12-06,10:02:39,"{'succeeded': True, 'file upload': '/Users/yuda/Desktop/RIG_v1/evaluation/data/rule_types/launch_failure.json'}"
